AACG,ATA Creativity Global
AACI,Armada Acquisition Corp. I
AADI,"Aadi Bioscience, Inc."
AAGR,African Agriculture Holdings Inc.
AAL,American Airlines Group Inc.
AAME,Atlantic American Corporation
AAON,"AAON, Inc."
AAPL,Apple Inc.
ABCB,Ameris Bancorp
ABCL,AbCellera Biologics Inc.
ABIO,"ARCA biopharma, Inc."
ABLV,Able View Inc.
ABNB,"Airbnb, Inc."
ABTS,Abits Group Inc.
ABVC,"ABVC BioPharma, Inc."
ACAB,Atlantic Coastal Acquisition Corp. II
ACAC,Acri Capital Acquisition Corporation
ACAD,ACADIA Pharmaceuticals Inc.
ACAH,Atlantic Coastal Acquisition Corp.
ACAX,Alset Capital Acquisition Corp.
ACBA,Ace Global Business Acquisition Limited
ACCD,"Accolade, Inc."
ACDC,ProFrac Holding Corp.
ACET,"Adicet Bio, Inc."
ACGL,Arch Capital Group Ltd.
ACHC,"Acadia Healthcare Company, Inc."
ACHL,Achilles Therapeutics plc
ACHV,"Achieve Life Sciences, Inc."
ACIW,"ACI Worldwide, Inc."
ACLS,"Axcelis Technologies, Inc."
ACLX,"Arcellx, Inc."
ACMR,"ACM Research, Inc."
ACNT,Ascent Industries Co.
ACON,"Aclarion, Inc."
ACOR,"Acorda Therapeutics, Inc."
ACRS,"Aclaris Therapeutics, Inc."
ACRV,"Acrivon Therapeutics, Inc."
ACRX,"AcelRx Pharmaceuticals, Inc."
ACST,Acasti Pharma Inc.
ACT,"Enact Holdings, Inc."
ACVA,ACV Auctions Inc.
ACXP,"Acurx Pharmaceuticals, Inc."
ADAG,Adagene Inc.
ADBE,Adobe Inc.
ADD,"Color Star Technology Co., Ltd."
ADEA,Adeia Inc.
ADES,"Advanced Emissions Solutions, Inc."
ADI,"Analog Devices, Inc."
ADIL,"Adial Pharmaceuticals, Inc."
ADMA,"ADMA Biologics, Inc."
ADN,"Advent Technologies Holdings, Inc."
ADOC,Edoc Acquisition Corp.
ADP,"Automatic Data Processing, Inc."
ADSK,"Autodesk, Inc."
ADTH,"AdTheorent Holding Company, Inc."
ADTX,"Aditxt, Inc."
ADUS,Addus HomeCare Corporation
ADV,Advantage Solutions Inc.
ADVM,"Adverum Biotechnologies, Inc."
ADXN,Addex Therapeutics Ltd
AEAE,AltEnergy Acquisition Corp.
AEHL,Antelope Enterprise Holdings Limited
AEI,Alset EHome International Inc.
AEIS,"Advanced Energy Industries, Inc."
AEMD,"Aethlon Medical, Inc."
AENT,Alliance Entertainment Holding Corporation
AEP,"American Electric Power Company, Inc."
AERT,Aeries Technology Inc.
AEY,"ADDvantage Technologies Group, Inc."
AEYE,"AudioEye, Inc."
AEZS,Aeterna Zentaris Inc.
AFAR,Aura FAT Projects Acquisition Corp
AFBI,"Affinity Bancshares, Inc."
AFIB,"Acutus Medical, Inc."
AFJK,"Aimei Health Technology Co., Ltd"
AFMD,Affimed N.V.
AFRM,"Affirm Holdings, Inc."
AFYA,Afya Limited
AGAE,Allied Gaming & Entertainment Inc.
AGBA,AGBA Acquisition Limited
AGFY,Agrify Corporation
AGIO,"Agios Pharmaceuticals, Inc."
AGMH,AGM Group Holdings Inc.
AGNC,AGNC Investment Corp.
AGRI,AgriFORCE Growing Systems Ltd.
AGRX,"Agile Therapeutics, Inc."
AGYS,"Agilysys, Inc."
AHCO,AdaptHealth Corp.
AHG,Akso Health Group
AHI,Advanced Human Imaging Limited
AIB,AIB Acquisition Corporation
AIH,Aesthetic Medical International Holdings Group Limited
AIHS,Senmiao Technology Limited
AIMAU,Aimfinity Investment Corp. I
AIMD,"Ainos, Inc."
AIRE,reAlpha Tech Corp.
AIRG,"Airgain, Inc."
AIRT,"Air T, Inc."
AISP,Airship AI Holdings Inc
AITR,AI Transportation Acquisition Corp
AKAM,"Akamai Technologies, Inc."
AKAN,Akanda Corp.
AKLI,"Akili, Inc."
AKRO,"Akero Therapeutics, Inc."
AKTS,"Akoustis Technologies, Inc."
AKTX,"Akari Therapeutics, Plc"
ALAR,Alarum Technologies Ltd.
ALBT,Avalon GloboCare Corp.
ALCE,Alternus Clean Energy Inc
ALGM,"Allegro MicroSystems, Inc."
ALGN,"Align Technology, Inc."
ALGS,"Aligos Therapeutics, Inc."
ALGT,Allegiant Travel Company
ALHC,"Alignment Healthcare, Inc."
ALKS,Alkermes plc
ALKT,"Alkami Technology, Inc."
ALLR,"Allarity Therapeutics, Inc."
ALLT,Allot Ltd.
ALNY,"Alnylam Pharmaceuticals, Inc."
ALOT,"AstroNova, Inc."
ALPN,"Alpine Immune Sciences, Inc."
ALPP,"Alpine 4 Holdings, Inc."
ALRM,"Alarm.com Holdings, Inc."
ALRN,"Aileron Therapeutics, Inc."
ALTI,"AlTi Global, Inc."
ALTR,Altair Engineering Inc.
ALTU,Altitude Acquisition Corp.
ALVO,Alvotech
ALVR,"AlloVir, Inc."
ALYA,Alithya Group Inc.
ALZN,"Alzamend Neuro, Inc."
AMAT,"Applied Materials, Inc."
AMBA,"Ambarella, Inc."
AMD,"Advanced Micro Devices, Inc."
AMED,"Amedisys, Inc."
AMEH,"Apollo Medical Holdings, Inc."
AMGN,Amgen Inc.
AMKR,"Amkor Technology, Inc."
AMLX,"Amylyx Pharmaceuticals, Inc."
AMPG,"AmpliTech Group, Inc."
AMPH,"Amphastar Pharmaceuticals, Inc."
AMPL,"Amplitude, Inc."
AMRX,"Amneal Pharmaceuticals, Inc."
AMSF,"AMERISAFE, Inc."
AMST,Amesite Inc.
AMWD,American Woodmark Corporation
AMZN,"Amazon.com, Inc."
ANDE,"The Andersons, Inc."
ANEB,"Anebulo Pharmaceuticals, Inc."
ANGH,Anghami Inc.
ANGI,Angi Inc.
ANIP,"ANI Pharmaceuticals, Inc."
ANIX,"Anixa Biosciences, Inc."
ANSS,"ANSYS, Inc."
ANTE,AirNet Technology Inc.
ANY,Sphere 3D Corp.
AOGO,Arogo Capital Acquisition Corp.
AONC,"American Oncology Network, Inc."
AOUT,"American Outdoor Brands, Inc."
APA,APA Corporation
APAC,StoneBridge Acquisition Corporation
APCX,AppTech Payments Corp.
APDN,"Applied DNA Sciences, Inc."
APGE,"Apogee Therapeutics, Inc."
APLM,"Apollomics, Inc."
APLS,"Apellis Pharmaceuticals, Inc."
APM,Aptorum Group Limited
APOG,"Apogee Enterprises, Inc."
APP,AppLovin Corporation
APPF,"AppFolio, Inc."
APPN,Appian Corporation
APRE,"Aprea Therapeutics, Inc."
APTO,Aptose Biosciences Inc.
APVO,Aptevo Therapeutics Inc.
APWC,Asia Pacific Wire & Cable Corporation Limited
APYX,Apyx Medical Corporation
AQB,"AquaBounty Technologies, Inc."
AQMS,"Aqua Metals, Inc."
AQU,Aquaron Acquisition Corp.
ARAV,"Aravive, Inc."
ARBB,ARB IOT Group Limited
ARCB,ArcBest Corporation
ARCC,Ares Capital Corporation
ARDX,"Ardelyx, Inc."
AREB,"American Rebel Holdings, Inc."
AREC,American Resources Corporation
ARGX,argenx SE
ARHS,"Arhaus, Inc."
ARIZ,Arisz Acquisition Corp.
ARKO,Arko Corp.
ARKR,Ark Restaurants Corp.
ARLP,"Alliance Resource Partners, L.P."
ARM,Arm Holdings plc
ARQQ,Arqit Quantum Inc.
ARRW,Arrowroot Acquisition Corp.
ARRY,"Array Technologies, Inc."
ARTL,"Artelo Biosciences, Inc."
ARTW,"Art's-Way Manufacturing Co., Inc."
ARVL,Arrival
ARVN,"Arvinas, Inc."
ARWR,"Arrowhead Pharmaceuticals, Inc."
ARYD,ARYA Sciences Acquisition Corp IV
ASCA,A SPAC I Acquisition Corp.
ASCB,A SPAC II Acquisition Corporation
ASLN,ASLAN Pharmaceuticals Limited
ASMB,"Assembly Biosciences, Inc."
ASML,ASML Holding N.V.
ASND,Ascendis Pharma A/S
ASNS,"Actelis Networks, Inc."
ASO,"Academy Sports and Outdoors, Inc."
ASPI,ASP Isotopes Inc.
ASPS,Altisource Portfolio Solutions S.A.
ASRT,"Assertio Holdings, Inc."
ASRV,"AmeriServ Financial, Inc."
ASST,Asset Entities Inc.
ASTC,Astrotech Corporation
ASTI,"Ascent Solar Technologies, Inc."
ASTL,Algoma Steel Group Inc.
ASTR,"Astra Space, Inc."
ASTS,"AST SpaceMobile, Inc."
ASYS,"Amtech Systems, Inc."
ATAK,Aurora Technology Acquisition Corp.
ATAT,Atour Lifestyle Holdings Limited
ATEC,"Alphatec Holdings, Inc."
ATER,"Aterian, Inc."
ATHA,"Athira Pharma, Inc."
ATHE,Alterity Therapeutics Limited
ATIF,ATIF Holdings Limited
ATMC,AlphaTime Acquisition Corp
ATMV,AlphaVest Acquisition Corp
ATNF,180 Life Sciences Corp.
ATOS,"Atossa Therapeutics, Inc."
ATPC,Agape ATP Corporation
ATRA,"Atara Biotherapeutics, Inc."
ATRC,"AtriCure, Inc."
ATSG,"Air Transport Services Group, Inc."
ATXG,Addentax Group Corp.
ATXI,"Avenue Therapeutics, Inc."
AUBN,"Auburn National Bancorporation, Inc."
AUID,authID Inc.
AUPH,Aurinia Pharmaceuticals Inc.
AUR,"Aurora Innovation, Inc."
AUTL,Autolus Therapeutics plc
AUUD,Auddia Inc.
AUVI,"Applied UV, Inc."
AVAV,"AeroVironment, Inc."
AVDL,Avadel Pharmaceuticals plc
AVDX,"AvidXchange Holdings, Inc."
AVGO,Broadcom Inc.
AVGR,"Avinger, Inc."
AVHI,Achari Ventures Holdings Corp. I
AVPT,"AvePoint, Inc."
AVRO,"AVROBIO, Inc."
AVT,"Avnet, Inc."
AVTX,"Avalo Therapeutics, Inc."
AWH,Aspira Women's Health Inc.
AWIN,AERWINS Technologies Inc.
AWRE,"Aware, Inc."
AXDX,"Accelerate Diagnostics, Inc."
AXNX,"Axonics, Inc."
AXON,"Axon Enterprise, Inc."
AXSM,"Axsome Therapeutics, Inc."
AXTI,"AXT, Inc."
AY,Atlantica Sustainable Infrastructure plc
AYRO,"Ayro, Inc."
AYTU,"Aytu BioPharma, Inc."
AZ,A2Z Smart Technologies Corp.
AZN,AstraZeneca PLC
AZPN,"Aspen Technology, Inc."
AZTA,"Azenta, Inc."
BACK,"IMAC Holdings, Inc."
BAFN,BayFirst Financial Corp.
BANF,BancFirst Corporation
BANL,CBL International Limited
BANR,Banner Corporation
BANX,ArrowMark Financial Corp.
BAOS,Baosheng Media Group Holdings Limited
BASE,"Couchbase, Inc."
BATRA,Atlanta Braves Holdings Inc
BATRK,Atlanta Braves Holdings Inc
BAYA,Bayview Acquisition Corp
BBGI,"Beasley Broadcast Group, Inc."
BBIO,"BridgeBio Pharma, Inc."
BBLG,Bone Biologics Corporation
BCAB,"BioAtla, Inc."
BCAN,BYND Cannasoft Enterprises Inc.
BCDA,"BioCardia, Inc."
BCEL,"Atreca, Inc."
BCLI,Brainstorm Cell Therapeutics Inc.
BCOV,Brightcove Inc.
BCOW,"1895 Bancorp of Wisconsin, Inc."
BCPC,Balchem Corporation
BCRX,"BioCryst Pharmaceuticals, Inc."
BCTX,BriaCell Therapeutics Corp.
BDRX,Biodexa Pharmaceuticals Plc
BEAM,Beam Therapeutics Inc.
BEAT,"HeartBeam, Inc."
BECN,"Beacon Roofing Supply, Inc."
BEEM,Beam Global
BETS,Bit Brother Limited
BFI,"BurgerFi International, Inc."
BFIN,BankFinancial Corporation
BFRG,"Bullfrog AI Holdings, Inc."
BFRI,Biofrontera Inc.
BGC,"BGC Group, Inc"
BGNE,"BeiGene, Ltd."
BGXX,Bright Green Corporation
BHAC,Focus Impact BH3 Acquisition Co.
BHAT,Blue Hat Interactive Entertainment Technology
BHF,"Brighthouse Financial, Inc."
BIAF,"bioAffinity Technologies, Inc."
BIDU,"Baidu, Inc."
BIIB,Biogen Inc.
BILI,Bilibili Inc.
BIMI,BIMI International Medical Inc.
BIOL,"BIOLASE, Inc."
BIOR,"Biora Therapeutics, Inc."
BIVI,BioVie Inc.
BJDX,"Bluejay Diagnostics, Inc."
BKNG,Booking Holdings Inc.
BKR,Baker Hughes Company
BKYI,"BIO-key International, Inc."
BL,"BlackLine, Inc."
BLAC,Bellevue Life Sciences Acquisition Corp.
BLBX,Blackboxstocks Inc.
BLDP,Ballard Power Systems Inc.
BLEU,bleuacacia ltd
BLIN,"Bridgeline Digital, Inc."
BLKB,"Blackbaud, Inc."
BLMN,"Bloomin' Brands, Inc."
BLRX,BioLineRx Ltd.
BLTE,"Belite Bio, Inc"
BMBL,Bumble Inc.
BMR,Beamr Imaging Ltd.
BMRA,"Biomerica, Inc."
BMRN,BioMarin Pharmaceutical Inc.
BNGO,"Bionano Genomics, Inc."
BNIX,Bannix Acquisition Corp.
BNOX,Bionomics Limited
BNR,Burning Rock Biotech Limited
BNRG,Brenmiller Energy Ltd
BNTC,Benitec Biopharma Inc.
BNTX,BioNTech SE
BNZI,Banzai International Inc
BOF,BranchOut Food Inc.
BOKF,BOK Financial Corporation
BOLT,"Bolt Biotherapeutics, Inc."
BON,Bon Natural Life Limited
BOSC,B.O.S. Better Online Solutions Ltd.
BOTJ,"Bank of the James Financial Group, Inc."
BOWN,Bowen Acquisition Corp
BOXL,Boxlight Corporation
BPMC,Blueprint Medicines Corporation
BPOP,"Popular, Inc."
BPTH,"Bio-Path Holdings, Inc."
BPTS,Biophytis S.A.
BRAC,Broad Capital Acquisition Corp.
BRAG,Bragg Gaming Group Inc.
BREA,Brera Holdings PLC
BREZ,Breeze Holdings Acquisition Corp.
BRFH,"Barfresh Food Group, Inc."
BRID,Bridgford Foods Corporation
BRKL,"Brookline Bancorp, Inc."
BRKR,Bruker Corporation
BRP,"BRP Group, Inc."
BRSH,Bruush Oral Care Inc.
BRTX,"BioRestorative Therapies, Inc."
BRZE,"Braze, Inc."
BSBK,Bogota Financial Corp.
BSFC,Blue Star Foods Corp.
BSGM,"BioSig Technologies, Inc."
BSY,"Bentley Systems, Incorporated"
BTAI,"BioXcel Therapeutics, Inc."
BTBD,"BT Brands, Inc."
BTCS,BTCS Inc.
BTCT,BTC Digital Ltd.
BTCY,"Biotricity, Inc."
BTDR,Bitdeer Technologies Group
BTM,Bitcoin Depot Inc.
BTOG,Bit Origin Limited
BTTX,"Better Therapeutics, Inc."
BUJA,Bukit Jalil Global Acquisition 1 Ltd
BUSE,First Busey Corporation
BWAQ,Blue World Acquisition Corporation
BWAY,BrainsWay Ltd.
BWEN,"Broadwind, Inc."
BYFC,Broadway Financial Corporation
BYNO,byNordic Acquisition Corporation
BYRN,Byrna Technologies Inc.
BYSI,BeyondSpring Inc.
BYU,"BAIYU Holdings, Inc."
BZ,Kanzhun Limited
BZFD,"BuzzFeed, Inc."
BZUN,Baozun Inc.
CAAS,"China Automotive Systems, Inc."
CABA,"Cabaletta Bio, Inc."
CACC,Credit Acceptance Corporation
CACO,Caravelle International Group
CADL,"Candel Therapeutics, Inc."
CAKE,The Cheesecake Factory Incorporated
CALM,"Cal-Maine Foods, Inc."
CAMP,CalAmp Corp.
CAMT,Camtek Ltd.
CAPT,Captivision Inc.
CAR,"Avis Budget Group, Inc."
CARA,"Cara Therapeutics, Inc."
CARG,"CarGurus, Inc."
CARM,"Carisma Therapeutics, Inc."
CART,Maplebear Inc.
CARV,"Carver Bancorp, Inc."
CASA,"Casa Systems, Inc."
CASH,"Pathward Financial, Inc."
CASI,"CASI Pharmaceuticals, Inc."
CASY,"Casey's General Stores, Inc."
CATY,Cathay General Bancorp
CAUD,Collective Audience Inc.
CBAT,"CBAK Energy Technology, Inc."
CBAY,"CymaBay Therapeutics, Inc."
CBFV,"CB Financial Services, Inc."
CBRG,Chain Bridge I
CBRL,"Cracker Barrel Old Country Store, Inc."
CBSH,"Commerce Bancshares, Inc."
CCCS,CCC Intelligent Solutions Holdings Inc.
CCEP,Coca-Cola Europacific Partners PLC
CCLD,"CareCloud, Inc."
CCOI,"Cogent Communications Holdings, Inc."
CCTS,Cactus Acquisition Corp. 1 Limited
CDAQ,Compass Digital Acquisition Corp.
CDIO,"Cardio Diagnostics Holdings, Inc."
CDNS,"Cadence Design Systems, Inc."
CDTX,"Cidara Therapeutics, Inc."
CDW,CDW Corporation
CDXC,ChromaDex Corporation
CEAD,CEA Industries Inc.
CEG,Constellation Energy Corporation
CELH,"Celsius Holdings, Inc."
CELU,Celularity Inc.
CELZ,"Creative Medical Technology Holdings, Inc."
CENN,Cenntro Electric Group Limited
CENT,Central Garden & Pet Company
CENTA,Central Garden & Pet Company
CENX,Century Aluminum Company
CERE,"Cerevel Therapeutics Holdings, Inc."
CERT,"Certara, Inc."
CETU,Cetus Capital Acquisition Corp.
CETX,"Cemtrex, Inc."
CFLT,"Confluent, Inc."
CFSB,"CFSB Bancorp, Inc."
CG,The Carlyle Group Inc.
CGNX,Cognex Corporation
CGTX,"Cognition Therapeutics, Inc."
CHCI,"Comstock Holding Companies, Inc."
CHCO,City Holding Company
CHDN,Churchill Downs Incorporated
CHEA,Chenghe Acquisition Co.
CHEF,"The Chefs' Warehouse, Inc."
CHEK,Check-Cap Ltd.
CHK,Chesapeake Energy Corporation
CHKP,Check Point Software Technologies Ltd.
CHNR,"China Natural Resources, Inc."
CHR,"Cheer Holding, Inc."
CHRD,Chord Energy Corporation
CHRW,"C.H. Robinson Worldwide, Inc."
CHSN,Chanson International Holding
CHTR,"Charter Communications, Inc."
CHX,ChampionX Corporation
CIFR,Cipher Mining Inc.
CIGI,Colliers International Group Inc.
CINF,Cincinnati Financial Corporation
CING,Cingulate Inc.
CISO,CISO Global Inc
CISS,C3is Inc.
CITE,Cartica Acquisition Corp
CJET,"Chijet Motor Company, Inc."
CJJD,"China Jo-Jo Drugstores, Inc."
CKPT,"Checkpoint Therapeutics, Inc."
CLBK,"Columbia Financial, Inc."
CLBT,Cellebrite DI Ltd.
CLDX,"Celldex Therapeutics, Inc."
CLEU,China Liberal Education Holdings Limited
CLGN,CollPlant Biotechnologies Ltd.
CLIR,ClearSign Technologies Corporation
CLMT,"Calumet Specialty Products Partners, L.P."
CLNN,Clene Inc.
CLOE,Clover Leaf Capital Corp.
CLPS,CLPS Incorporation
CLRB,"Cellectar Biosciences, Inc."
CLRC,ClimateRock
CLRO,"ClearOne, Inc."
CLSD,"Clearside Biomedical, Inc."
CLSK,"CleanSpark, Inc."
CLST,"Catalyst Bancorp, Inc."
CLVR,Clever Leaves Holdings Inc.
CLWT,Euro Tech Holdings Company Limited
CMAX,"CareMax, Inc."
CMCA,Capitalworks Emerging Markets Acquisition Corp
CMCO,Columbus McKinnon Corporation
CMCSA,Comcast Corporation
CMCT,Creative Media & Community Trust Corporation
CME,CME Group Inc.
CMLS,Cumulus Media Inc.
CMMB,Chemomab Therapeutics Ltd.
CMND,Clearmind Medicine Inc.
CMPR,Cimpress plc
CMRX,"Chimerix, Inc."
CNET,ZW Data Action Technologies Inc.
CNEY,CN Energy Group. Inc.
CNFR,"Conifer Holdings, Inc."
CNGL,Canna-Global Acquisition Corp
CNSP,"CNS Pharmaceuticals, Inc."
CNTB,Connect Biopharma Holdings Limited
CNTG,Centogene N.V.
CNTX,Context Therapeutics Inc.
CNVS,Cineverse Corp.
CNXA,Connexa Sports Technologies Inc.
CNXC,Concentrix Corporation
CNXN,"PC Connection, Inc."
COCH,"Envoy Medical, Inc."
COCO,"The Vita Coco Company, Inc."
COCP,"Cocrystal Pharma, Inc."
CODA,"Coda Octopus Group, Inc."
CODX,"Co-Diagnostics, Inc."
COEP,"Coeptis Therapeutics, Inc."
COHU,"Cohu, Inc."
COIN,"Coinbase Global, Inc."
COKE,"Coca-Cola Consolidated, Inc."
COLB,"Columbia Banking System, Inc."
COLL,"Collegium Pharmaceutical, Inc."
COLM,Columbia Sportswear Company
COMS,COMSovereign Holding Corp.
CONN,"Conn's, Inc."
COO,"The Cooper Companies, Inc."
COOL,Corner Growth Acquisition Corp.
COOP,Mr. Cooper Group Inc.
CORT,Corcept Therapeutics Incorporated
COSM,Cosmos Health Inc.
COST,Costco Wholesale Corporation
COYA,"Coya Therapeutics, Inc."
CPBI,"Central Plains Bancshares, Inc."
CPHC,Canterbury Park Holding Corporation
CPIX,Cumberland Pharmaceuticals Inc.
CPOP,"Pop Culture Group Co., Ltd"
CPRT,"Copart, Inc."
CPRX,"Catalyst Pharmaceuticals, Inc."
CPSH,CPS Technologies Corporation
CPTN,"Cepton, Inc."
CRBP,"Corbus Pharmaceuticals Holdings, Inc."
CRCT,"Cricut, Inc."
CRDF,"Cardiff Oncology, Inc."
CRDL,Cardiol Therapeutics Inc.
CRDO,Credo Technology Group Holding Ltd
CREG,Smart Powerr Corp.
CREV,Carbon Revolution Public Limited
CREX,"Creative Realities, Inc."
CRGE,"Charge Enterprises, Inc."
CRGX,"CARGO Therapeutics, Inc."
CRIS,"Curis, Inc."
CRKN,Crown ElectroKinetics Corp.
CRNX,"Crinetics Pharmaceuticals, Inc."
CROX,"Crocs, Inc."
CRSP,CRISPR Therapeutics AG
CRSR,"Corsair Gaming, Inc."
CRTO,Criteo S.A.
CRUS,"Cirrus Logic, Inc."
CRVL,CorVel Corporation
CRVO,CervoMed Inc.
CRVS,"Corvus Pharmaceuticals, Inc."
CRWD,"CrowdStrike Holdings, Inc."
CRWS,"Crown Crafts, Inc."
CSBR,"Champions Oncology, Inc."
CSCO,"Cisco Systems, Inc."
CSGP,"CoStar Group, Inc."
CSGS,"CSG Systems International, Inc."
CSIQ,Canadian Solar Inc.
CSLM,CSLM Acquisition Corp
CSLR,"Complete Solaria, Inc."
CSPI,CSP Inc.
CSSE,"Chicken Soup for the Soul Entertainment, Inc."
CSWC,Capital Southwest Corporation
CSWI,"CSW Industrials, Inc."
CSX,CSX Corporation
CTAS,Cintas Corporation
CTCX,Carmell Therapeutics Corporation
CTHR,"Charles & Colvard, Ltd."
CTKB,"Cytek Biosciences, Inc."
CTMX,"CytomX Therapeutics, Inc."
CTNT,Cheetah Net Supply Chain Service Inc.
CTRM,Castor Maritime Inc.
CTSH,Cognizant Technology Solutions Corporation
CTSO,Cytosorbents Corporation
CTXR,"Citius Pharmaceuticals, Inc."
CUE,"Cue Biopharma, Inc."
CULL,"Cullman Bancorp, Inc."
CURI,CuriosityStream Inc.
CUTR,"Cutera, Inc."
CVAC,CureVac N.V.
CVBF,CVB Financial Corp.
CVCO,"Cavco Industries, Inc."
CVKD,"Cadrenal Therapeutics, Inc."
CVLT,"Commvault Systems, Inc."
CVV,CVD Equipment Corporation
CWD,CaliberCos Inc.
CWST,"Casella Waste Systems, Inc."
CXAI,CXApp Inc.
CXDO,"Crexendo, Inc."
CYAN,Cyanotech Corporation
CYBR,CyberArk Software Ltd.
CYCC,"Cyclacel Pharmaceuticals, Inc."
CYCN,"Cyclerion Therapeutics, Inc."
CYN,Cyngn Inc.
CYT,"Cyteir Therapeutics, Inc."
CYTH,"Cyclo Therapeutics, Inc."
CYTK,"Cytokinetics, Incorporated"
CYTO,Altamira Therapeutics Ltd.
CZR,"Caesars Entertainment, Inc."
CZWI,"Citizens Community Bancorp, Inc."
DAIO,Data I/O Corporation
DALN,DallasNews Corporation
DARE,"Dar√© Bioscience, Inc."
DASH,"DoorDash, Inc."
DATS,"DatChat, Inc."
DAVE,Dave Inc.
DAWN,"Day One Biopharmaceuticals, Inc."
DBGI,"Digital Brands Group, Inc."
DBX,"Dropbox, Inc."
DCBO,Docebo Inc.
DCFC,Tritium DCFC Limited
DCOM,"Dime Community Bancshares, Inc."
DCPH,"Deciphera Pharmaceuticals, Inc."
DCTH,"Delcath Systems, Inc."
DDOG,"Datadog, Inc."
DECA,Denali Capital Acquisition Corp.
DERM,Journey Medical Corporation
DFLI,Dragonfly Energy Holdings Corp.
DGHI,Digihost Technology Inc.
DGII,Digi International Inc.
DGLY,"Digital Ally, Inc."
DH,Definitive Healthcare Corp.
DHAC,Digital Health Acquisition Corp.
DIOD,Diodes Incorporated
DISA,Disruptive Acquisition Corporation I
DISH,DISH Network Corporation
DIST,Distoken Acquisition Corporation
DKNG,DraftKings Inc.
DLO,DLocal Limited
DLPN,"Dolphin Entertainment, Inc."
DLTR,"Dollar Tree, Inc."
DMAC,DiaMedica Therapeutics Inc.
DMAQ,Deep Medicine Acquisition Corp.
DMK,DMK Pharmaceuticals Corporation
DMLP,"Dorchester Minerals, L.P."
DMTK,"DermTech, Inc."
DNLI,Denali Therapeutics Inc.
DNUT,"Krispy Kreme, Inc."
DOCU,"DocuSign, Inc."
DOGZ,Dogness (International) Corporation
DOMH,Dominari Holdings Inc.
DOOO,BRP Inc.
DORM,"Dorman Products, Inc."
DOX,Amdocs Limited
DPCS,DP Cap Acquisition Corp I
DPRO,Draganfly Inc.
DRIO,DarioHealth Corp.
DRMA,"Dermata Therapeutics, Inc."
DRRX,DURECT Corporation
DRS,"Leonardo DRS, Inc."
DRUG,Bright Minds Biosciences Inc.
DRVN,Driven Brands Holdings Inc.
DSGR,"Distribution Solutions Group, Inc."
DSGX,The Descartes Systems Group Inc.
DSWL,"Deswell Industries, Inc."
DTCK,Davis Commodities Limited
DTI,Drilling Tools International Corp.
DTIL,"Precision BioSciences, Inc."
DTSS,Datasea Inc.
DTST,Data Storage Corporation
DUET,DUET Acquisition Corp.
DUO,Fangdd Network Group Ltd.
DUOL,"Duolingo, Inc."
DUOT,"Duos Technologies Group, Inc."
DVAX,Dynavax Technologies Corporation
DWSN,Dawson Geophysical Company
DXCM,"DexCom, Inc."
DXR,Daxor Corporation
DXYN,"The Dixie Group, Inc."
DYAI,"Dyadic International, Inc."
DYNT,Dynatronics Corporation
DZSI,DZS Inc.
EA,Electronic Arts Inc.
EAC,Edify Acquisition Corp.
EAR,"Eargo, Inc."
EAST,"Eastside Distilling, Inc."
EBAY,eBay Inc.
EBC,"Eastern Bankshares, Inc."
EBMT,"Eagle Bancorp Montana, Inc."
EBON,Ebang International Holdings Inc.
ECBK,"ECB Bancorp, Inc."
ECDA,ECD Automotive Design Inc
ECOR,"electroCore, Inc."
ECPG,"Encore Capital Group, Inc."
ECX,"ECARX Holdings, Inc."
EDBL,Edible Garden AG Incorporated
EDRY,EuroDry Ltd.
EDSA,"Edesa Biotech, Inc."
EDTK,Skillful Craftsman Education Technology Limited
EDUC,Educational Development Corporation
EEFT,"Euronet Worldwide, Inc."
EEIQ,EpicQuest Education Group International Limited
EFOI,"Energy Focus, Inc."
EFSC,Enterprise Financial Services Corp
EFTR,"eFFECTOR Therapeutics, Inc."
EGIO,"Edgio, Inc."
EGOX,Next.e.GO N.V.
EGRX,"Eagle Pharmaceuticals, Inc."
EH,EHang Holdings Limited
EIGR,"Eiger BioPharmaceuticals, Inc."
EJH,E-Home Household Service Holdings Limited
EKSO,"Ekso Bionics Holdings, Inc."
ELAB,"Elevai Labs, Inc."
ELBM,Electra Battery Materials Corporation
ELDN,"Eledon Pharmaceuticals, Inc."
ELEV,"Elevation Oncology, Inc."
ELSE,"Electro-Sensors, Inc."
ELTK,Eltek Ltd.
ELTX,"Elicio Therapeutics, Inc."
ELUT,Elutia Inc.
ELVA,Electrovaya Inc.
ELWS,"Earlyworks Co., Ltd"
ELYM,"Eliem Therapeutics, Inc."
EM,Smart Share Global Limited
EMBC,Embecta Corp.
EMCG,Embrace Change Acquisition Corp
EMKR,EMCORE Corporation
ENCP,Energem Corp.
ENG,ENGlobal Corporation
ENLT,Enlight Renewable Energy Ltd
ENLV,Enlivex Therapeutics Ltd.
ENPH,"Enphase Energy, Inc."
ENSC,"Ensysce Biosciences, Inc."
ENSG,"The Ensign Group, Inc."
ENTG,"Entegris, Inc."
ENTX,Entera Bio Ltd.
ENVB,"Enveric Biosciences, Inc."
ENVX,Enovix Corporation
EPOW,"Sunrise New Energy Co., Ltd."
EPSN,Epsilon Energy Ltd.
EQ,"Equillium, Inc."
EQIX,"Equinix, Inc."
ERIC,Telefonaktiebolaget LM Ericsson (publ)
ERIE,Erie Indemnity Company
ERII,"Energy Recovery, Inc."
ERNA,Eterna Therapeutics Inc.
ESGL,ESGL Holdings Ltd
ESGR,Enstar Group Limited
ESLA,"Estrella Immunopharma, Inc."
ESLT,Elbit Systems Ltd.
ESOA,Energy Services of America Corporation
ETAO,"ETAO International Co., Ltd."
ETNB,"89bio, Inc."
ETON,"Eton Pharmaceuticals, Inc."
ETSY,"Etsy, Inc."
EUDA,EUDA Health Holdings Limited
EVAX,Evaxion Biotech A/S
EVBG,"Everbridge, Inc."
EVCM,EverCommerce Inc.
EVGN,Evogene Ltd.
EVGO,"EVgo, Inc."
EVGR,Evergreen Corporation
EVO,Evotec SE
EVOK,"Evoke Pharma, Inc."
EVRG,"Evergy, Inc."
EVTV,"Envirotech Vehicles, Inc."
EWBC,"East West Bancorp, Inc."
EXAS,Exact Sciences Corporation
EXC,Exelon Corporation
EXEL,"Exelixis, Inc."
EXLS,"ExlService Holdings, Inc."
EXPE,"Expedia Group, Inc."
EXPI,"eXp World Holdings, Inc."
EXPO,"Exponent, Inc."
EXTR,"Extreme Networks, Inc."
EYE,"National Vision Holdings, Inc."
EYEN,"Eyenovia, Inc."
EZFL,EZFill Holdings Inc.
EZGO,EZGO Technologies Ltd.
FA,First Advantage Corporation
FAMI,"Farmmi, Inc."
FANG,"Diamondback Energy, Inc."
FARM,Farmer Bros. Co.
FAST,Fastenal Company
FAT,FAT Brands Inc.
FATBB,FAT Brands Inc.
FAZE,FaZe Holdings Inc.
FBIO,"Fortress Biotech, Inc."
FBMS,"The First Bancshares, Inc."
FBNC,First Bancorp
FBRX,"Forte Biosciences, Inc."
FBYD,"Falcon's Beyond Global, Inc."
FCAP,"First Capital, Inc."
FCFS,"FirstCash Holdings, Inc"
FCNCA,"First Citizens BancShares, Inc."
FCUV,Focus Universal Inc.
FDMT,"4D Molecular Therapeutics, Inc."
FEAM,5E Advanced Materials Inc.
FEBO,Fenbo Holdings Limited
FEIM,"Frequency Electronics, Inc."
FELE,"Franklin Electric Co., Inc."
FEMY,Femasys Inc.
FFBC,First Financial Bancorp.
FFIE,Faraday Future Intelligent Electric Inc.
FFIN,"First Financial Bankshares, Inc."
FFIV,"F5, Inc."
FFNW,"First Financial Northwest, Inc."
FGEN,"FibroGen, Inc."
FGF,"FG Financial Group, Inc."
FGI,FGI Industries Ltd.
FHB,"First Hawaiian, Inc."
FHLT,Future Health ESG Corp.
FIBK,"First Interstate BancSystem, Inc."
FICV,Frontier Investment Corp
FITB,Fifth Third Bancorp
FIVE,"Five Below, Inc."
FIVN,"Five9, Inc."
FIXX,"Homology Medicines, Inc."
FIZZ,National Beverage Corp.
FKWL,Franklin Wireless Corp.
FLEX,Flex Ltd.
FLFV,Feutune Light Acquisition Corporation
FLGC,Flora Growth Corp.
FLJ,FLJ Group Limited
FLNC,"Fluence Energy, Inc."
FLNT,"Fluent, Inc."
FLUX,"Flux Power Holdings, Inc."
FLXS,"Flexsteel Industries, Inc."
FLYW,Flywire Corporation
FNCH,"Finch Therapeutics Group, Inc."
FNVT,Finnovate Acquisition Corp.
FNWD,Finward Bancorp
FOLD,"Amicus Therapeutics, Inc."
FORA,Forian Inc.
FORD,"Forward Industries, Inc."
FORL,Four Leaf Acquisition Corporation
FORM,"FormFactor, Inc."
FORTY,Formula Systems (1985) Ltd.
FOSL,"Fossil Group, Inc."
FOX,Fox Corporation
FOXA,Fox Corporation
FOXF,Fox Factory Holding Corp.
FPAY,"FlexShopper, Inc."
FRES,Fresh2 Group Ltd
FRGT,"Freight Technologies, Inc."
FRHC,Freedom Holding Corp.
FRLA,Fortune Rise Acquisition Corporation
FRLN,Freeline Therapeutics Holdings plc
FRME,First Merchants Corporation
FROG,JFrog Ltd.
FRPT,"Freshpet, Inc."
FRSH,Freshworks Inc.
FRSX,Foresight Autonomous Holdings Ltd.
FRZA,"Forza X1, Inc."
FSEA,First Seacoast Bancorp
FSFG,"First Savings Financial Group, Inc."
FSLR,"First Solar, Inc."
FSV,FirstService Corporation
FTAI,FTAI Aviation Ltd
FTCI,"FTC Solar, Inc."
FTDR,"Frontdoor, Inc."
FTEK,"Fuel Tech, Inc."
FTEL,Fitell Corporation
FTFT,Future FinTech Group Inc.
FTHM,Fathom Holdings Inc.
FTII,FutureTech II Acquisition Corp.
FTLF,"FitLife Brands, Inc."
FTNT,"Fortinet, Inc."
FTRE,Fortrea Holdings Inc.
FULT,Fulton Financial Corporation
FUSB,"First US Bancshares, Inc."
FUTU,Futu Holdings Limited
FUV,"Arcimoto, Inc."
FWBI,"First Wave BioPharma, Inc."
FWONA,Liberty Media Corp.
FWRD,Forward Air Corporation
FWRG,"First Watch Restaurant Group, Inc."
FYBR,"Frontier Communications Parent, Inc."
GABC,"German American Bancorp, Inc."
GAIA,"Gaia, Inc."
GALT,Galectin Therapeutics Inc.
GAMC,Golden Arrow Merger Corp.
GAME,GameSquare Holdings Inc
GAN,GAN Limited
GANX,"Gain Therapeutics, Inc."
GATE,Marblegate Acquisition Corp.
GBBK,Global Blockchain Acquisition Corp.
GBDC,"Golub Capital BDC, Inc."
GBIO,Generation Bio Co.
GBNH,Greenbrook TMS Inc.
GBNY,"Generations Bancorp NY, Inc."
GCMG,GCM Grosvenor Inc
GCTK,"GlucoTrack, Inc."
GDC,GD Culture Group Limited
GDEN,"Golden Entertainment, Inc."
GDHG,Golden Heaven Group Holdings Ltd.
GDRX,"GoodRx Holdings, Inc."
GDS,GDS Holdings Limited
GDST,Goldenstone Acquisition Limited
GDTC,CytoMed Therapeutics Limited
GDYN,"Grid Dynamics Holdings, Inc."
GECC,Great Elm Capital Corp.
GEG,"Great Elm Group, Inc."
GEHC,GE HealthCare Technologies Inc.
GEN,Gen Digital Inc.
GENE,Genetic Technologies Limited
GERN,Geron Corporation
GFAI,"Guardforce AI Co., Limited"
GFS,GLOBALFOUNDRIES Inc.
GGAL,Grupo Financiero Galicia S.A.
GGE,Green Giant Inc.
GH,"Guardant Health, Inc."
GHSI,"Guardion Health Sciences, Inc."
GIA,"GigCapital5, Inc."
GIFI,"Gulf Island Fabrication, Inc."
GIGM,GigaMedia Limited
GIII,"G-III Apparel Group, Ltd."
GILD,"Gilead Sciences, Inc."
GIPR,"Generation Income Properties, Inc."
GLAC,Global Lights Acquisition Corp
GLBE,Global-e Online Ltd.
GLBS,Globus Maritime Limited
GLBZ,Glen Burnie Bancorp
GLLI,Globalink Investment Inc.
GLMD,Galmed Pharmaceuticals Ltd.
GLNG,Golar LNG Limited
GLPG,Galapagos NV
GLPI,"Gaming and Leisure Properties, Inc."
GLST,"Global Star Acquisition, Inc."
GLTO,"Galecto, Inc."
GMAB,Genmab A/S
GMBL,"Esports Entertainment Group, Inc."
GMDA,Gamida Cell Ltd.
GMFI,Aetherium Acquisition Corp.
GMGI,"Golden Matrix Group, Inc."
GNLN,"Greenlane Holdings, Inc."
GNPX,"Genprex, Inc."
GNSS,Genasys Inc.
GNTA,Genenta Science S.p.A.
GNTX,Gentex Corporation
GO,Grocery Outlet Holding Corp.
GOCO,"GoHealth, Inc."
GODN,Golden Star Acquisition Corporation
GOGL,Golden Ocean Group Limited
GOGO,Gogo Inc.
GOOG,Alphabet Inc.
GOOGL,Alphabet Inc.
GOVX,"GeoVax Labs, Inc."
GP,GreenPower Motor Company Inc.
GPAC,Global Partner Acquisition Corp II
GPAK,Gamer Pakistan Inc.
GPCR,Structure Therapeutics Inc.
GPRE,Green Plains Inc.
GRAB,Grab Holdings Limited
GRCL,Gracell Biotechnologies Inc.
GREE,Greenidge Generation Holdings Inc.
GRFS,"Grifols, S.A."
GRI,"GRI Bio, Inc."
GRNQ,Greenpro Capital Corp.
GROM,"Grom Social Enterprises, Inc."
GROW,"U.S. Global Investors, Inc."
GRRR,Gorilla Technology Group Inc.
GRTX,"Galera Therapeutics, Inc."
GSHD,"Goosehead Insurance, Inc"
GSIT,"GSI Technology, Inc."
GSIW,Garden Stage Limited
GSM,Ferroglobe PLC
GSUN,Golden Sun Education Group Limited
GT,The Goodyear Tire & Rubber Company
GTAC,Global Technology Acquisition Corp. I
GTBP,"GT Biopharma, Inc."
GTEC,Greenland Technologies Holding Corporation
GTH,Genetron Holdings Limited
GTIM,Good Times Restaurants Inc.
GTLB,GitLab Inc.
GTX,Garrett Motion Inc.
GURE,"Gulf Resources, Inc."
GV,Visionary Education Technology Holdings Group Inc.
GVH,Globavend Holdings Limited
GVP,"GSE Systems, Inc."
GWAV,"Greenwave Technology Solutions, Inc."
GYRE,Gyre Therapeutics Inc
GYRO,"Gyrodyne, LLC"
HAIA,Healthcare AI Acquisition Corp.
HAIN,"The Hain Celestial Group, Inc."
HALL,"Hallmark Financial Services, Inc."
HALO,"Halozyme Therapeutics, Inc."
HAS,"Hasbro, Inc."
HBAN,Huntington Bancshares Incorporated
HCM,HUTCHMED (China) Limited
HCP,"HashiCorp, Inc."
HCTI,"Healthcare Triangle, Inc."
HCWB,HCW Biologics Inc.
HEES,"H&E Equipment Services, Inc."
HELE,Helen of Troy Limited
HEPA,"Hepion Pharmaceuticals, Inc."
HFBL,"Home Federal Bancorp, Inc. of Louisiana"
HGAS,Global Gas Corp
HGBL,Heritage Global Inc.
HHGC,HHG Capital Corporation
HHS,"Harte Hanks, Inc."
HIHO,Highway Holdings Limited
HIMX,"Himax Technologies, Inc."
HKIT,Hitek Global Inc.
HLIT,Harmonic Inc.
HLMN,Hillman Solutions Corp.
HLNE,Hamilton Lane Incorporated
HLP,Hongli Group Inc.
HLTH,Cue Health Inc.
HMNF,"HMN Financial, Inc."
HNNA,"Hennessy Advisors, Inc."
HNVR,"Hanover Bancorp, Inc."
HOFV,Hall of Fame Resort & Entertainment Company
HOLI,Hollysys Automation Technologies Ltd.
HOLO,MicroCloud Hologram Inc.
HOLX,"Hologic, Inc."
HON,Honeywell International Inc.
HOOD,"Robinhood Markets, Inc."
HOOK,HOOKIPA Pharma Inc.
HOPE,"Hope Bancorp, Inc."
HOTH,"Hoth Therapeutics, Inc."
HOUR,"Hour Loop, Inc."
HPCO,"Hempacco Co., Inc."
HPK,"HighPeak Energy, Inc."
HQY,"HealthEquity, Inc."
HRMY,"Harmony Biosciences Holdings, Inc."
HRYU,"Hanryu Holdings, Inc."
HSAI,Hesai Group
HSCS,"Heart Test Laboratories, Inc."
HSDT,"Helius Medical Technologies, Inc."
HSIC,"Henry Schein, Inc."
HSON,"Hudson Global, Inc."
HSPO,Horizon Space Acquisition I Corp.
HST,"Host Hotels & Resorts, Inc."
HTCR,"HeartCore Enterprises, Inc."
HTHT,H World Group Limited
HTLD,"Heartland Express, Inc."
HTLF,"Heartland Financial USA, Inc."
HTOO,Fusion Fuel Green PLC
HTZ,"Hertz Global Holdings, Inc."
HUBC,HUB Cyber Security (Israel) Ltd.
HUBG,"Hub Group, Inc."
HUDA,Hudson Acquisition I Corp.
HUDI,"Huadi International Group Co., Ltd."
HUGE,FSD Pharma Inc.
HUIZ,Huize Holding Limited
HURN,Huron Consulting Group Inc.
HUT,Hut 8 Mining Corp.
HWC,Hancock Whitney Corporation
HWKN,"Hawkins, Inc."
HYFM,"Hydrofarm Holdings Group, Inc."
HYPR,"Hyperfine, Inc."
HYW,Hywin Holdings Ltd.
IAC,IAC Inc.
IART,Integra LifeSciences Holdings Corporation
IAS,Integral Ad Science Holding Corp.
IBKR,"Interactive Brokers Group, Inc."
IBOC,International Bancshares Corporation
IBRX,"ImmunityBio, Inc."
IBTX,"Independent Bank Group, Inc."
ICAD,"iCAD, Inc."
ICCC,ImmuCell Corporation
ICCH,"ICC Holdings, Inc."
ICCM,IceCure Medical Ltd
ICCT,iCoreConnect Inc.
ICFI,"ICF International, Inc."
ICHR,"Ichor Holdings, Ltd."
ICLK,iClick Interactive Asia Group Limited
ICLR,ICON PLC
ICMB,"Investcorp Credit Management BDC, Inc."
ICU,SeaStar Medical Holding Corporation
ICUI,"ICU Medical, Inc."
IDAI,T Stamp Inc.
IDCC,"InterDigital, Inc."
IDEX,"Ideanomics, Inc."
IDN,"Intellicheck, Inc."
IDXX,"IDEXX Laboratories, Inc."
IDYA,"IDEAYA Biosciences, Inc."
IEP,Icahn Enterprises L.P.
IESC,"IES Holdings, Inc."
IFBD,"Infobird Co., Ltd"
IFRX,InflaRx N.V.
IGTA,Inception Growth Acquisition Limited
IINN,Inspira Technologies Oxy B.H.N. Ltd.
IKNA,"Ikena Oncology, Inc."
IKT,"Inhibikase Therapeutics, Inc."
ILAG,Intelligent Living Application Group Inc.
ILMN,"Illumina, Inc."
IMAQ,International Media Acquisition Corp.
IMCC,IM Cannabis Corp.
IMCR,Immunocore Holdings plc
IMGN,"ImmunoGen, Inc."
IMKTA,"Ingles Markets, Incorporated"
IMMX,"Immix Biopharma, Inc."
IMNN,"Imunon, Inc."
IMOS,ChipMOS TECHNOLOGIES INC.
IMPP,Imperial Petroleum Inc.
IMRN,Immuron Limited
IMTE,Integrated Media Technology Limited
IMUX,"Immunic, Inc."
IMVT,"Immunovant, Inc."
INAB,"IN8bio, Inc."
INAQ,Insight Acquisition Corp.
INBS,Intelligent Bio Solutions Inc.
INBX,"Inhibrx, Inc."
INCR,InterCure Ltd.
INCY,Incyte Corporation
INDB,Independent Bank Corp.
INDI,"indie Semiconductor, Inc."
INDP,"Indaptus Therapeutics, Inc."
INDV,Indivior PLC
INFN,Infinera Corporation
INHD,Inno Holdings Inc.
INKT,"MiNK Therapeutics, Inc."
INM,InMed Pharmaceuticals Inc.
INMD,InMode Ltd.
INPX,Inpixon
INSG,Inseego Corp.
INSM,Insmed Incorporated
INTA,"Intapp, Inc."
INTC,Intel Corporation
INTE,Integral Acquisition Corporation 1
INTG,The InterGroup Corporation
INTR,"Inter & Co, Inc."
INTS,"Intensity Therapeutics, Inc."
INTU,Intuit Inc.
INTZ,Intrusion Inc.
INVA,"Innoviva, Inc."
INVO,"INVO Bioscience, Inc."
IOBT,"IO Biotech, Inc."
IONM,Assure Holdings Corp.
IONS,"Ionis Pharmaceuticals, Inc."
IOSP,Innospec Inc.
IOVA,"Iovance Biotherapeutics, Inc."
IPA,ImmunoPrecise Antibodies Ltd.
IPAR,"Inter Parfums, Inc."
IPDN,"Professional Diversity Network, Inc."
IPGP,IPG Photonics Corporation
IPW,iPower Inc.
IPWR,Ideal Power Inc.
IQ,"iQIYI, Inc."
IRBT,iRobot Corporation
IRDM,Iridium Communications Inc.
IRIX,IRIDEX Corporation
IROH,Iron Horse Acquisitions Corp.
IRON,"Disc Medicine, Inc."
IROQ,"IF Bancorp, Inc."
IRTC,"iRhythm Technologies, Inc."
IRWD,"Ironwood Pharmaceuticals, Inc."
ISPC,iSpecimen Inc.
ISPO,Inspirato Incorporated
ISRG,"Intuitive Surgical, Inc."
ISUN,"iSun, Inc."
ITCI,"Intra-Cellular Therapies, Inc."
ITRI,"Itron, Inc."
ITRM,Iterum Therapeutics plc
IVAC,"Intevac, Inc."
IVCP,Swiftmerge Acquisition Corp.
IVDA,"Iveda Solutions, Inc."
IVP,"Inspire Veterinary Partners, Inc."
IXAQ,IX Acquisition Corp.
IXHL,Incannex Healthcare Limited
IZEA,"IZEA Worldwide, Inc."
IZM,ICZOOM Group Inc.
JACK,Jack in the Box Inc.
JAGX,"Jaguar Health, Inc."
JAMF,Jamf Holding Corp.
JAN,JanOne Inc.
JAZZ,Jazz Pharmaceuticals plc
JBHT,"J.B. Hunt Transport Services, Inc."
JBLU,JetBlue Airways Corporation
JBSS,"Sanfilippo (John B.) & Son, Inc"
JCSE,JE Cleantech Holdings Limited
JCTCF,Jewett-Cameron Trading Company Ltd.
JD,"JD.com, Inc."
JEWL,Adamas One Corp.
JFBR,Jeffs' Brands Ltd
JFU,9F Inc.
JG,Aurora Mobile Limited
JJSF,J&J Snack Foods Corp.
JKHY,"Jack Henry & Associates, Inc."
JNVR,Janover Inc.
JOAN,JOANN Inc.
JRSH,"Jerash Holdings (US), Inc."
JSPR,"Jasper Therapeutics, Inc."
JTAI,Jet.AI Inc.
JVA,"Coffee Holding Co., Inc."
JWEL,Jowell Global Ltd.
JXJT,JX Luxventure Limited
JYD,Jayud Global Logistics Limited
JZ,Jianzhi Education Technology Group Company Limited
JZXN,"Jiuzi Holdings, Inc."
KA,"Kineta, Inc."
KACL,Kairous Acquisition Corp. Limited
KALA,"Kala Pharmaceuticals, Inc."
KALU,Kaiser Aluminum Corporation
KAVL,"Kaival Brands Innovations Group, Inc."
KC,Kingsoft Cloud Holdings Limited
KDP,Keurig Dr Pepper Inc.
KEQU,Kewaunee Scientific Corporation
KERN,Akerna Corp.
KFFB,Kentucky First Federal Bancorp
KFRC,Kforce Inc.
KHC,The Kraft Heinz Company
KINS,"Kingstone Companies, Inc."
KIRK,"Kirkland's, Inc."
KITT,"Nauticus Robotics, Inc."
KLAC,KLA Corporation
KLIC,"Kulicke and Soffa Industries, Inc."
KNSA,"Kiniksa Pharmaceuticals, Ltd."
KNTE,Kinnate Biopharma Inc.
KOSS,Koss Corporation
KPLT,"Katapult Holdings, Inc."
KPRX,"Kiora Pharmaceuticals, Inc."
KPTI,Karyopharm Therapeutics Inc.
KRKR,36Kr Holdings Inc.
KRMD,"KORU Medical Systems, Inc."
KRNT,Kornit Digital Ltd.
KRON,"Kronos Bio, Inc."
KROS,"Keros Therapeutics, Inc."
KRRO,Korro Bio Inc.
KRTX,"Karuna Therapeutics, Inc."
KRYS,"Krystal Biotech, Inc."
KSCP,"Knightscope, Inc."
KTCC,Key Tronic Corporation
KTOS,"Kratos Defense & Security Solutions, Inc."
KTRA,"Kintara Therapeutics, Inc."
KTTA,Pasithea Therapeutics Corp.
KURA,"Kura Oncology, Inc."
KVHI,"KVH Industries, Inc."
KWE,KWESST Micro Systems Inc.
KXIN,Kaixin Auto Holdings
KYCH,Keyarch Acquisition Corporation
KYMR,"Kymera Therapeutics, Inc."
KZIA,Kazia Therapeutics Limited
KZR,"Kezar Life Sciences, Inc."
LABP,"Landos Biopharma, Inc."
LAES,SEALSQ Corp
LAMR,Lamar Advertising Company
LANC,Lancaster Colony Corporation
LARK,"Landmark Bancorp, Inc."
LASE,Laser Photonics Corporation
LATG,Chenghe Acquisition I Co.
LAUR,"Laureate Education, Inc."
LAZR,"Luminar Technologies, Inc."
LAZY,"Lazydays Holdings, Inc."
LBAI,"Lakeland Bancorp, Inc."
LBBB,Lakeshore Acquisition II Corp.
LBRDA,Liberty Broadband Corporation
LBRDK,Liberty Broadband Corporation
LBTYA,Liberty Global plc
LBTYB,Liberty Global plc
LBTYK,Liberty Global plc
LCFY,Locafy Limited
LCID,"Lucid Group, Inc."
LDTC,LeddarTech Holdings Inc
LDWY,"Lendway, Inc."
LECO,"Lincoln Electric Holdings, Inc."
LEDS,SemiLEDs Corporation
LEE,"Lee Enterprises, Incorporated"
LEGN,Legend Biotech Corporation
LESL,"Leslie's, Inc."
LEXX,Lexaria Bioscience Corp.
LFLY,"Leafly Holdings, Inc."
LFST,"LifeStance Health Group, Inc."
LFUS,"Littelfuse, Inc."
LFVN,LifeVantage Corporation
LGCB,Linkage Global Inc
LGHL,Lion Group Holding Ltd.
LGIH,"LGI Homes, Inc."
LGMK,"LogicMark, Inc."
LGND,Ligand Pharmaceuticals Incorporated
LGVN,Longeveron Inc.
LI,Li Auto Inc.
LIBY,Liberty Resources Acquisition Corp.
LICN,Lichen China Limited
LIDR,"AEye, Inc."
LIFE,"aTyr Pharma, Inc."
LILA,Liberty Latin America Ltd.
LILAK,Liberty Latin America Ltd.
LIN,Linde plc
LINK,"Interlink Electronics, Inc."
LIPO,Lipella Pharmaceuticals Inc.
LIQT,"LiqTech International, Inc."
LITE,Lumentum Holdings Inc.
LITM,Snow Lake Resources Ltd.
LIVE,Live Ventures Incorporated
LIVN,LivaNova PLC
LIXT,"Lixte Biotechnology Holdings, Inc."
LIZI,Lizhi Inc.
LKCO,Luokung Technology Corp.
LKFN,Lakeland Financial Corporation
LKQ,LKQ Corporation
LMAT,"LeMaitre Vascular, Inc."
LMDX,LumiraDx Limited
LMFA,"LM Funding America, Inc."
LNSR,"LENSAR, Inc."
LNT,Alliant Energy Corporation
LNTH,"Lantheus Holdings, Inc."
LNW,"Light & Wonder, Inc."
LNZA,"LanzaTech Global, Inc."
LOAN,"Manhattan Bridge Capital, Inc."
LOGI,Logitech International S.A.
LOPE,"Grand Canyon Education, Inc."
LPCN,Lipocine Inc.
LPLA,LPL Financial Holdings Inc.
LPRO,Open Lending Corporation
LPTH,"LightPath Technologies, Inc."
LPTX,"Leap Therapeutics, Inc."
LQR,LQR House Inc.
LRCX,Lam Research Corporation
LRE,"Lead Real Estate Co., Ltd"
LRFC,Logan Ridge Finance Corporation
LRHC,La Rosa Holdings Corp.
LSBK,"Lake Shore Bancorp, Inc."
LSCC,Lattice Semiconductor Corporation
LSDI,Lucy Scientific Discovery Inc.
LSTA,"Lisata Therapeutics, Inc."
LSTR,"Landstar System, Inc."
LTBR,Lightbridge Corporation
LTRN,Lantern Pharma Inc.
LTRY,Lottery.com Inc.
LUCD,Lucid Diagnostics Inc.
LUCY,"Innovative Eyewear, Inc."
LULU,Lululemon Athletica Inc.
LUMO,"Lumos Pharma, Inc."
LUXH,LuxUrban Hotels Inc.
LVLU,"Lulu's Fashion Lounge Holdings, Inc."
LVO,"LiveOne, Inc."
LVRO,Lavoro Limited
LVTX,LAVA Therapeutics N.V.
LXEH,"Lixiang Education Holding Co., Ltd."
LYFT,"Lyft, Inc."
LYT,Lytus Technologies Holdings PTV. Ltd.
LZ,"LegalZoom.com, Inc."
MACA,Moringa Acquisition Corp
MANH,"Manhattan Associates, Inc."
MAPS,"WM Technology, Inc."
MAQC,Maquia Capital Acquisition Corporation
MAR,"Marriott International, Inc."
MARA,"Marathon Digital Holdings, Inc."
MARK,"Remark Holdings, Inc."
MARPS,Marine Petroleum Trust
MARX,Mars Acquisition Corp.
MASI,Masimo Corporation
MAT,"Mattel, Inc."
MATH,Metalpha Technology Holding Limited
MATW,Matthews International Corporation
MAYS,"J.W. Mays, Inc."
MBIN,Merchants Bancorp
MBIO,"Mustang Bio, Inc."
MBLY,Mobileye Global Inc.
MBOT,Microbot Medical Inc.
MBRX,"Moleculin Biotech, Inc."
MBTC,Nocturne Acquisition Corporation
MBUU,"Malibu Boats, Inc."
MCAC,Monterey Capital Acquisition Corporation
MCAF,Mountain Crest Acquisition Corp. IV
MCAG,Mountain Crest Acquisition Corp. V
MCHP,Microchip Technology Incorporated
MCHX,"Marchex, Inc."
MCRI,"Monarch Casino & Resort, Inc."
MCVT,"Mill City Ventures III, Ltd."
MDAI,"Spectral AI, Inc."
MDB,"MongoDB, Inc."
MDBH,"MDB Capital Holdings, LLC Class A common"
MDGL,"Madrigal Pharmaceuticals, Inc."
MDGS,Medigus Ltd.
MDIA,MediaCo Holding Inc.
MDJH,MDJM Ltd
MDLZ,"Mondelez International, Inc."
MDRR,"Medalist Diversified REIT, Inc."
MDRX,Veradigm Inc
MDVL,"MedAvail Holdings, Inc."
MDWD,MediWound Ltd.
MDXG,"MiMedx Group, Inc."
MDXH,MDxHealth SA
MEDP,"Medpace Holdings, Inc."
MEDS,"TRxADE HEALTH, Inc."
MEGL,Magic Empire Global Limited
MEIP,"MEI Pharma, Inc."
MELI,"MercadoLibre, Inc."
MEOH,Methanex Corporation
MESA,"Mesa Air Group, Inc."
META,"Meta Platforms, Inc."
MFH,Mercurity Fintech Holding Inc.
MGAM,Mobile Global Esports Inc.
MGEE,"MGE Energy, Inc."
MGIH,Millennium Group International Holdings Limited
MGNI,"Magnite, Inc."
MGOL,MGO Global Inc.
MGPI,"MGP Ingredients, Inc."
MGRC,McGrath RentCorp
MGRM,"Monogram Orthopaedics, Inc."
MGRX,"Mangoceuticals, Inc."
MGYR,"Magyar Bancorp, Inc."
MHUA,"Meihua International Medical Technologies Co., Ltd."
MICS,"The Singing Machine Company, Inc."
MIDD,The Middleby Corporation
MIGI,"Mawson Infrastructure Group, Inc."
MIND,"MIND Technology, Inc."
MINM,"Minim, Inc."
MIRA,"MIRA Pharmaceuticals, Inc."
MIRM,"Mirum Pharmaceuticals, Inc."
MIST,Milestone Pharmaceuticals Inc.
MITA,Coliseum Acquisition Corp.
MKSI,"MKS Instruments, Inc."
MKTW,"MarketWise, Inc."
MKTX,MarketAxess Holdings Inc.
MLCO,Melco Resorts & Entertainment Limited
MLEC,Moolec Science SA
MLGO,MicroAlgo Inc.
MLKN,"MillerKnoll, Inc."
MLTX,MoonLake Immunotherapeutics
MMAT,Meta Materials Inc.
MMLP,Martin Midstream Partners L.P.
MMSI,"Merit Medical Systems, Inc."
MMV,MultiMetaVerse Holdings Limited
MMYT,MakeMyTrip Limited
MNDO,MIND C.T.I. Ltd
MNDY,monday.com Ltd.
MNKD,MannKind Corporation
MNOV,"MediciNova, Inc."
MNPR,Monopar Therapeutics Inc.
MNRO,"Monro, Inc."
MNST,Monster Beverage Corporation
MNTK,"Montauk Renewables, Inc."
MNTS,Momentus Inc.
MNY,MoneyHero Limited
MOB,Mobilicom Ltd
MOBX,Mobix Labs Inc
MODD,"Modular Medical, Inc."
MOGO,Mogo Inc.
MOMO,Hello Group Inc.
MOR,MorphoSys AG
MORF,"Morphic Holding, Inc."
MORN,"Morningstar, Inc."
MOTS,"Motus GI Holdings, Inc."
MOVE,Movano Inc.
MPWR,"Monolithic Power Systems, Inc."
MQ,"Marqeta, Inc."
MRAI,"Marpai, Inc."
MRCY,"Mercury Systems, Inc."
MRIN,Marin Software Incorporated
MRKR,"Marker Therapeutics, Inc."
MRM,MEDIROM Healthcare Technologies Inc.
MRNA,"Moderna, Inc."
MRTN,"Marten Transport, Ltd."
MRTX,"Mirati Therapeutics, Inc."
MRUS,Merus N.V.
MRVI,"Maravai LifeSciences Holdings, Inc."
MRVL,"Marvell Technology, Inc."
MSAI,Infrared Cameras Holdings Inc
MSEX,Middlesex Water Company
MSFT,Microsoft Corporation
MSGM,Motorsport Games Inc.
MSS,Maison Solutions Inc.
MSSA,Metal Sky Star Acquisition Corporation
MSTR,MicroStrategy Incorporated
MTCH,"Match Group, Inc."
MTEK,Maris-Tech Ltd.
MTEM,"Molecular Templates, Inc."
MTEX,"Mannatech, Incorporated"
MTSI,"MACOM Technology Solutions Holdings, Inc."
MU,"Micron Technology, Inc."
MULN,"Mullen Automotive, Inc."
MURA,Mural Oncology plc
MVLA,Movella Holdings Inc.
MXL,"MaxLinear, Inc."
MYGN,"Myriad Genetics, Inc."
MYMD,"MyMD Pharmaceuticals, Inc."
MYNZ,Mainz Biomed B.V.
MYRG,MYR Group Inc.
MYSZ,"My Size, Inc."
NA,Nano Labs Ltd
NAII,"Natural Alternatives International, Inc."
NAMS,NewAmsterdam Pharma Company N.V.
NAOV,"NanoVibronix, Inc."
NARI,"Inari Medical, Inc."
NAVI,Navient Corporation
NB,NioCorp Developments Ltd.
NBIX,"Neurocrine Biosciences, Inc."
NBSE,"NeuBase Therapeutics, Inc."
NBST,Newbury Street Acquisition Corporation
NBTB,NBT Bancorp Inc.
NCAC,Newcourt Acquisition Corp
NCNA,NuCana plc
NCNC,noco-noco Inc.
NCNO,"nCino, Inc."
NCPL,Netcapital Inc.
NCRA,"Nocera, Inc."
NCSM,"NCS Multistage Holdings, Inc."
NCTY,The9 Limited
NDAQ,"Nasdaq, Inc."
NDRA,ENDRA Life Sciences Inc.
NDSN,Nordson Corporation
NEO,"NeoGenomics, Inc."
NEOG,Neogen Corporation
NEON,Neonode Inc.
NEOV,NeoVolta Inc.
NEPH,"Nephros, Inc."
NEPT,Neptune Wellness Solutions Inc.
NERV,"Minerva Neurosciences, Inc."
NEXI,"NexImmune, Inc."
NEXT,NextDecade Corporation
NFE,New Fortress Energy Inc.
NFLX,"Netflix, Inc."
NFTG,"The NFT Gaming Company, Inc."
NGM,"NGM Biopharmaceuticals, Inc."
NGMS,NeoGames S.A.
NGNE,Neurogene Inc
NHTC,Natural Health Trends Corp.
NICE,NICE Ltd.
NICK,"Nicholas Financial, Inc."
NISN,"Nisun International Enterprise Development Group Co., Ltd"
NKGN,"NKGen Biotech, Inc."
NKLA,Nikola Corporation
NKTR,Nektar Therapeutics
NLSP,NLS Pharmaceutics AG
NMFC,New Mountain Finance Corporation
NMIH,"NMI Holdings, Inc."
NMRA,"Neumora Therapeutics, Inc."
NMRD,Nemaura Medical Inc.
NMRK,"Newmark Group, Inc."
NMTC,NeuroOne Medical Technologies Corporation
NOTV,"Inotiv, Inc."
NOVT,Novanta Inc.
NOVV,Nova Vision Acquisition Corporation
NPAB,New Providence Acquisition Corp. II
NRAC,Northern Revival Acquisition Corp
NRBO,"NeuroBo Pharmaceuticals, Inc."
NRC,National Research Corporation
NRDS,"NerdWallet, Inc."
NRSN,NeuroSense Therapeutics Ltd.
NRXP,"NRx Pharmaceuticals, Inc."
NSIT,"Insight Enterprises, Inc."
NSPR,"InspireMD, Inc."
NSSC,"Napco Security Technologies, Inc."
NSTG,"NanoString Technologies, Inc."
NSTS,"NSTS Bancorp, Inc."
NSYS,Nortech Systems Incorporated
NTAP,"NetApp, Inc."
NTBL,Notable Labs Inc.
NTCT,"NetScout Systems, Inc."
NTES,"NetEase, Inc."
NTIC,Northern Technologies International Corporation
NTLA,"Intellia Therapeutics, Inc."
NTNX,"Nutanix, Inc."
NTRA,"Natera, Inc."
NTRB,Nutriband Inc.
NTRS,Northern Trust Corporation
NTWK,"NetSol Technologies, Inc."
NUBI,Nubia Brand International Corp.
NUKK,Nukkleus Inc.
NURO,"NeuroMetrix, Inc."
NUVL,"Nuvalent, Inc."
NUWE,"Nuwellis, Inc."
NUZE,"NuZee, Inc."
NVAC,NorthView Acquisition Corporation
NVCR,NovoCure Limited
NVDA,NVIDIA Corporation
NVEE,"NV5 Global, Inc."
NVEI,Nuvei Corporation
NVFY,"Nova LifeStyle, Inc."
NVIV,InVivo Therapeutics Holdings Corp.
NVMI,Nova Ltd.
NVNI,Nvni Group Limited
NVNO,enVVeno Medical Corporation
NVOS,"Novo Integrated Sciences, Inc."
NVTS,Navitas Semiconductor Corporation
NVVE,Nuvve Holding Corp.
NWBI,"Northwest Bancshares, Inc."
NWE,NorthWestern Corporation
NWGL,Nature Wood Group Limited
NWL,Newell Brands Inc.
NWLI,"National Western Life Group, Inc."
NWS,News Corporation
NWSA,News Corporation
NWTN,NWTN Inc.
NXGL,"NEXGEL, Inc."
NXL,"Nexalin Technology, Inc."
NXPI,NXP Semiconductors N.V.
NXPL,NextPlat Corp
NXST,"Nexstar Media Group, Inc."
NXT,Nextracker Inc.
NXTC,"NextCure, Inc."
NXTP,"NextPlay Technologies, Inc."
NXU,"Nxu, Inc."
OAKU,Oak Woods Acquisition Corporation
OBLG,"Oblong, Inc."
OCAX,OCA Acquisition Corp.
OCC,Optical Cable Corporation
OCEA,"Ocean Biomedical, Inc."
OCFC,OceanFirst Financial Corp.
OCG,Oriental Culture Holding LTD
OCSL,Oaktree Specialty Lending Corporation
OCTO,Eightco Holdings Inc.
OCUP,"Ocuphire Pharma, Inc."
OCX,OncoCyte Corporation
ODD,Oddity Tech Ltd.
ODFL,"Old Dominion Freight Line, Inc."
ODP,The ODP Corporation
OESX,"Orion Energy Systems, Inc."
OGI,OrganiGram Holdings Inc.
OKTA,"Okta, Inc."
OKYO,OKYO Pharma Limited
OLB,"The OLB Group, Inc."
OLED,Universal Display Corporation
OLK,Olink Holding AB (publ)
OLLI,"Ollie's Bargain Outlet Holdings, Inc."
OLPX,"Olaplex Holdings, Inc."
OMAB,"Grupo Aeroportuario del Centro Norte, SAB de CV"
OMCL,"Omnicell, Inc."
OMEX,"Odyssey Marine Exploration, Inc."
OMH,Ohmyhome Limited
OMIC,"Singular Genomics Systems, Inc."
OMQS,OMNIQ Corp.
ON,ON Semiconductor Corporation
ONB,Old National Bancorp
ONCO,Onconetix Inc
ONCT,"Oncternal Therapeutics, Inc."
ONCY,Oncolytics Biotech Inc.
ONDS,Ondas Holdings Inc.
ONFO,"Onfolio Holdings, Inc."
ONMD,OneMedNet Corp.
ONTX,"Onconova Therapeutics, Inc."
ONVO,"Organovo Holdings, Inc."
ONYX,Onyx Acquisition Co. I
OP,OceanPal Inc.
OPAL,OPAL Fuels Inc.
OPCH,"Option Care Health, Inc."
OPEN,Opendoor Technologies Inc.
OPGN,"OpGen, Inc."
OPHC,"OptimumBank Holdings, Inc."
OPK,"OPKO Health, Inc."
OPOF,Old Point Financial Corporation
OPRA,Opera Limited
OPXS,"Optex Systems Holdings, Inc"
ORGN,"Origin Materials, Inc."
ORGS,Orgenesis Inc.
ORLY,"O'Reilly Automotive, Inc."
ORMP,Oramed Pharmaceuticals Inc.
OSA,"ProSomnus, Inc."
OSIS,"OSI Systems, Inc."
OSS,"One Stop Systems, Inc."
OST,"Ostin Technology Group Co., Ltd."
OSW,OneSpaWorld Holdings Limited
OTEC,OceanTech Acquisitions I Corp.
OTEX,Open Text Corporation
OTLK,"Outlook Therapeutics, Inc."
OTRK,"Ontrak, Inc."
OTTR,Otter Tail Corporation
OVBC,Ohio Valley Banc Corp.
OXBR,Oxbridge Re Holdings Limited
OXUS,Oxus Acquisition Corp.
OZK,Bank OZK
PAA,"Plains All American Pipeline, L.P."
PACB,"Pacific Biosciences of California, Inc."
PAGP,"Plains GP Holdings, L.P."
PALI,"Palisade Bio, Inc."
PALT,"Paltalk, Inc."
PANW,"Palo Alto Networks, Inc."
PARA,Paramount Global
PARAA,Paramount Global
PASG,"Passage Bio, Inc."
PATK,"Patrick Industries, Inc."
PAVM,PAVmed Inc.
PAVS,Paranovus Entertainment Technology Ltd.
PAX,Patria Investments Limited
PAYO,Payoneer Global Inc.
PAYX,"Paychex, Inc."
PBAX,Phoenix Biotech Acquisition Corp.
PBBK,"PB Bankshares, Inc."
PBHC,"Pathfinder Bancorp, Inc."
PBLA,"Panbela Therapeutics, Inc."
PBTS,"Powerbridge Technologies Co., Ltd."
PCAR,PACCAR Inc
PCH,PotlatchDeltic Corporation
PCRX,"Pacira BioSciences, Inc."
PCSA,"Processa Pharmaceuticals, Inc."
PCTY,Paylocity Holding Corporation
PCVX,"Vaxcyte, Inc."
PDCO,"Patterson Companies, Inc."
PDD,PDD Holdings Inc.
PDEX,"Pro-Dex, Inc."
PDFS,"PDF Solutions, Inc."
PEBO,Peoples Bancorp Inc.
PECO,"Phillips Edison & Company, Inc."
PEGA,Pegasystems Inc.
PEGY,Pineapple Energy Inc.
PENN,"PENN Entertainment, Inc."
PEP,"PepsiCo, Inc."
PEPL,PepperLime Health Acquisition Corporation
PERI,Perion Network Ltd.
PESI,"Perma-Fix Environmental Services, Inc."
PET,Wag! Group Co.
PETV,"PetVivo Holdings, Inc."
PETZ,"TDH Holdings, Inc."
PEV,Phoenix Motor Inc.
PFBC,Preferred Bank
PFG,"Principal Financial Group, Inc."
PFIE,"Profire Energy, Inc."
PFTA,Perception Capital Corp. III
PFX,PhenixFIN Corporation
PGNY,"Progyny, Inc."
PGY,Pagaya Technologies Ltd.
PHIO,Phio Pharmaceuticals Corp.
PHUN,"Phunware, Inc."
PHVS,Pharvaris N.V.
PHXM,PHAXIAM Therapeutics S.A.
PI,"Impinj, Inc."
PIK,Kidpik Corp.
PINC,"Premier, Inc."
PIRS,"Pieris Pharmaceuticals, Inc."
PIXY,"ShiftPixy, Inc."
PLAB,"Photronics, Inc."
PLAY,"Dave & Buster's Entertainment, Inc."
PLBY,"PLBY Group, Inc."
PLMI,Plum Acquisition Corp. I
PLMR,"Palomar Holdings, Inc."
PLRX,"Pliant Therapeutics, Inc."
PLTK,Playtika Holding Corp.
PLTN,Plutonian Acquisition Corp.
PLUG,Plug Power Inc.
PLUR,Pluri Inc.
PLUS,ePlus inc.
PLXS,Plexus Corp.
PLYA,Playa Hotels & Resorts N.V.
PMCB,"PharmaCyte Biotech, Inc."
PMD,Psychemedics Corporation
PMEC,Primech Holdings Ltd.
PMGM,Priveterra Acquisition Corp.
PMN,"ProMIS Neurosciences, Inc."
PNBK,"Patriot National Bancorp, Inc."
PNFP,"Pinnacle Financial Partners, Inc."
POAI,Predictive Oncology Inc.
POCI,"Precision Optics Corporation, Inc."
PODC,PodcastOne Inc
PODD,Insulet Corporation
POET,POET Technologies Inc.
POLA,"Polar Power, Inc."
POOL,Pool Corporation
POWI,"Power Integrations, Inc."
POWL,"Powell Industries, Inc."
PPBI,"Pacific Premier Bancorp, Inc."
PPBT,Purple Biotech Ltd.
PPC,Pilgrim's Pride Corporation
PPHP,PHP Ventures Acquisition Corp.
PPIH,"Perma-Pipe International Holdings, Inc."
PPSI,"Pioneer Power Solutions, Inc."
PPYA,Papaya Growth Opportunity Corp. I
PRAA,"PRA Group, Inc."
PRCT,PROCEPT BioRobotics Corporation
PRDO,Perdoceo Education Corporation
PRE,Prenetics Global Limited
PRFT,"Perficient, Inc."
PRFX,PainReform Ltd.
PRGS,Progress Software Corporation
PROP,Prairie Operating Co.
PROV,"Provident Financial Holdings, Inc."
PRPH,"ProPhase Labs, Inc."
PRPL,"Purple Innovation, Inc."
PRPO,"Precipio, Inc."
PRSO,Peraso Inc.
PRST,"Presto Automation, Inc."
PRTA,Prothena Corporation plc
PRTG,Portage Biotech Inc.
PRVA,"Privia Health Group, Inc."
PRZO,ParaZero Technologies Ltd.
PSEC,Prospect Capital Corporation
PSHG,Performance Shipping Inc.
PSMT,"PriceSmart, Inc."
PSNL,"Personalis, Inc."
PSNY,Polestar Automotive Holding UK PLC
PSTV,"Plus Therapeutics, Inc."
PT,Pintec Technology Holdings Limited
PTC,PTC Inc.
PTCT,"PTC Therapeutics, Inc."
PTEN,"Patterson-UTI Energy, Inc."
PTGX,"Protagonist Therapeutics, Inc."
PTIX,"Protagenic Therapeutics, Inc."
PTLO,Portillo's Inc.
PTON,"Peloton Interactive, Inc."
PTPI,"Petros Pharmaceuticals, Inc."
PTVE,Pactiv Evergreen Inc.
PTWO,"Pono Capital Two, Inc."
PUCK,Goal Acquisitions Corp.
PULM,"Pulmatrix, Inc."
PWFL,"PowerFleet, Inc."
PWM,Prestige Wealth Inc.
PWP,Perella Weinberg Partners
PWUP,PowerUp Acquisition Corp.
PXDT,"Pixie Dust Technologies, Inc."
PXLW,"Pixelworks, Inc."
PXMD,"PaxMedica, Inc."
PXS,Pyxis Tankers Inc.
PYCR,"Paycor HCM, Inc."
PYPD,PolyPid Ltd.
PYPL,"PayPal Holdings, Inc."
PYXS,"Pyxis Oncology, Inc."
PZZA,"Papa John's International, Inc."
QCOM,QUALCOMM Incorporated
QCRH,"QCR Holdings, Inc."
QDEL,QuidelOrtho Corporation
QDRO,Quadro Acquisition One Corp.
QETA,Quetta Acquisition Corporation
QFIN,Qifu Technology Inc.
QH,Quhuo Limited
QLGN,"Qualigen Therapeutics, Inc."
QLI,Qilian International Holding Group Limited
QLYS,"Qualys, Inc."
QMCO,Quantum Corporation
QNCX,"Quince Therapeutics, Inc."
QNRX,"Quoin Pharmaceuticals, Ltd."
QOMO,Qomolangma Acquisition Corp.
QRVO,"Qorvo, Inc."
QSG,QuantaSing Group Ltd
QTRX,Quanterix Corporation
QUBT,"Quantum Computing, Inc."
RACY,Relativity Acquisition Corp.
RAIL,"FreightCar America, Inc."
RAIN,Rain Therapeutics Inc.
RAND,Rand Capital Corporation
RARE,Ultragenyx Pharmaceutical Inc.
RAVE,"RAVE Restaurant Group, Inc."
RAYA,Erayak Power Solution Group Inc.
RBCAA,"Republic Bancorp, Inc."
RBKB,"Rhinebeck Bancorp, Inc."
RCAC,Revelstone Capital Acquisition Corp.
RCAT,"Red Cat Holdings, Inc."
RCKT,"Rocket Pharmaceuticals, Inc."
RCM,R1 RCM Inc.
RCON,"Recon Technology, Ltd."
RCRT,"Recruiter.com Group, Inc."
RDCM,RADCOM Ltd.
RDFN,Redfin Corporation
RDHL,RedHill Biopharma Ltd.
RDI,"Reading International, Inc."
RDIB,"Reading International, Inc."
RDNT,"RadNet, Inc."
REBN,"Reborn Coffee, Inc."
REE,REE Automotive Ltd.
REFR,Research Frontiers Incorporated
REG,Regency Centers Corporation
REGN,"Regeneron Pharmaceuticals, Inc."
RELI,"Reliance Global Group, Inc."
RELY,"Remitly Global, Inc."
RENT,"Rent the Runway, Inc."
RETO,"ReTo Eco-Solutions, Inc."
REVB,"Revelation Biosciences, Inc."
REYN,Reynolds Consumer Products Inc.
RFAC,RF Acquisition Corp.
RFIL,"RF Industries, Ltd."
RGEN,Repligen Corporation
RGF,"The Real Good Food Company, Inc."
RGLD,"Royal Gold, Inc."
RGLS,Regulus Therapeutics Inc.
RIOT,"Riot Blockchain, Inc."
RIVN,"Rivian Automotive, Inc."
RKDA,"Arcadia Biosciences, Inc."
RKLB,"Rocket Lab USA, Inc."
RLAY,"Relay Therapeutics, Inc."
RLYB,Rallybio Corporation
RMBS,Rambus Inc.
RMCF,"Rocky Mountain Chocolate Factory, Inc."
RMCO,Royalty Management Holding Corporation
RMR,The RMR Group Inc.
RMTI,"Rockwell Medical, Inc."
RNAZ,"TransCode Therapeutics, Inc."
RNLX,Renalytix Plc
RNW,ReNew Energy Global Plc
RNXT,"RenovoRx, Inc."
ROAD,"Construction Partners, Inc."
ROCK,"Gibraltar Industries, Inc."
ROCL,Roth Ch Acquisition V Co.
ROI,"RiskOn International, Inc."
ROIC,Retail Opportunity Investments Corp.
ROIV,Roivant Sciences Ltd.
ROKU,"Roku, Inc."
ROP,"Roper Technologies, Inc."
ROST,"Ross Stores, Inc."
ROVR,"Rover Group, Inc."
RPD,"Rapid7, Inc."
RPHM,"Reneo Pharmaceuticals, Inc."
RPID,"Rapid Micro Biosystems, Inc."
RPRX,Royalty Pharma plc
RRR,"Red Rock Resorts, Inc."
RSLS,ReShape Lifesciences Inc.
RSSS,"Research Solutions, Inc."
RUM,Rumble Inc.
RUN,Sunrun Inc.
RUSHA,"Rush Enterprises, Inc."
RUSHB,"Rush Enterprises, Inc."
RVMD,"Revolution Medicines, Inc."
RVSN,Rail Vision Ltd.
RVYL,Ryvyl Inc.
RWLK,ReWalk Robotics Ltd.
RWOD,Redwoods Acquisition Corp.
RXRX,"Recursion Pharmaceuticals, Inc."
RXST,"RxSight, Inc."
RYAAY,Ryanair Holdings plc
RYTM,"Rhythm Pharmaceuticals, Inc."
RYZB,"RayzeBio, Inc."
RZLT,"Rezolute, Inc."
SABR,Sabre Corporation
SABS,"SAB Biotherapeutics, Inc."
SAFT,"Safety Insurance Group, Inc."
SAGE,"Sage Therapeutics, Inc."
SAI,SAI.TECH Global Corporation
SAIA,"Saia, Inc."
SALM,"Salem Media Group, Inc."
SANG,Sangoma Technologies Corporation
SANM,Sanmina Corporation
SANW,S&W Seed Company
SASI,"Sigma Labs, Inc."
SASR,"Sandy Spring Bancorp, Inc."
SATS,EchoStar Corporation
SAVA,"Cassava Sciences, Inc."
SBAC,SBA Communications Corporation
SBCF,Seacoast Banking Corporation of Florida
SBET,SharpLink Gaming Ltd.
SBFG,"SB Financial Group, Inc."
SBFM,"Sunshine Biopharma, Inc."
SBLK,Star Bulk Carriers Corp.
SBRA,"Sabra Health Care REIT, Inc."
SBSI,"Southside Bancshares, Inc."
SBUX,Starbucks Corporation
SCHL,Scholastic Corporation
SCKT,"Socket Mobile, Inc."
SCNI,Scinai Immunotherapeutics Ltd.
SCOR,"comScore, Inc."
SCRM,Screaming Eagle Acquisition Corp.
SCSC,"ScanSource, Inc."
SCTL,"Societal CDMO, Inc."
SCYX,"SCYNEXIS, Inc."
SDGR,"Schr√∂dinger, Inc."
SDIG,"Stronghold Digital Mining, Inc."
SDOT,Sadot Group Inc.
SEAT,Vivid Seats Inc.
SECO,Secoo Holding Limited
SEDG,"SolarEdge Technologies, Inc."
SEED,Origin Agritech Limited
SEEL,"Seelos Therapeutics, Inc."
SEER,"Seer, Inc."
SEIC,SEI Investments Company
SELF,"Global Self Storage, Inc."
SEPA,SEP Acquisition Corp.
SEZL,Sezzle Inc.
SFBC,"Sound Financial Bancorp, Inc."
SFE,"Safeguard Scientifics, Inc."
SFM,"Sprouts Farmers Market, Inc."
SFNC,Simmons First National Corporation
SGBX,Safe & Green Holdings Corp
SGD,Safe and Green Development Corporation
SGH,"SMART Global Holdings, Inc."
SGLY,Singularity Future Technology Ltd.
SGMA,"SigmaTron International, Inc."
SGML,Sigma Lithium Corporation
SGMO,"Sangamo Therapeutics, Inc."
SGMT,Sagimet Biosciences Inc.
SGRP,"SPAR Group, Inc."
SGRY,"Surgery Partners, Inc."
SHC,Sotera Health Company
SHEN,Shenandoah Telecommunications Company
SHFS,"SHF Holdings, Inc."
SHLS,"Shoals Technologies Group, Inc."
SHOO,"Steven Madden, Ltd."
SHPH,"Shuttle Pharmaceuticals Holdings, Inc."
SHPW,"Shapeways Holdings, Inc."
SIDU,"Sidus Space, Inc."
SIEB,Siebert Financial Corp.
SIEN,"Sientra, Inc."
SIGI,"Selective Insurance Group, Inc."
SILC,Silicom Ltd.
SILO,"Silo Pharma, Inc."
SIMO,Silicon Motion Technology Corporation
SINT,"Sintx Technologies, Inc."
SIRI,Sirius XM Holdings Inc.
SISI,"Shineco, Inc."
SITM,SiTime Corporation
SKWD,"Skyward Specialty Insurance Group, Inc."
SKYW,"SkyWest, Inc."
SLAB,Silicon Laboratories Inc.
SLAC,Social Leverage Acquisition Corp I
SLDB,Solid Biosciences Inc.
SLE,"Super League Enterprise, Inc."
SLGL,Sol-Gel Technologies Ltd.
SLM,SLM Corporation
SLNA,Selina Hospitality PLC
SLNG,"Stabilis Solutions, Inc."
SLNH,"Soluna Holdings, Inc."
SLNO,"Soleno Therapeutics, Inc."
SLRX,"Salarius Pharmaceuticals, Inc."
SLS,"SELLAS Life Sciences Group, Inc."
SMCI,"Super Micro Computer, Inc."
SMMT,Summit Therapeutics Inc.
SMPL,The Simply Good Foods Company
SMSI,"Smith Micro Software, Inc."
SMTC,Semtech Corporation
SMX,SMX (Security Matters) PLC
SNAL,"Snail, Inc."
SNAX,"Stryve Foods, Inc."
SNCE,"Science 37 Holdings, Inc."
SNCR,"Synchronoss Technologies, Inc."
SND,"Smart Sand, Inc."
SNDX,"Syndax Pharmaceuticals, Inc."
SNES,"SenesTech, Inc."
SNEX,StoneX Group Inc.
SNGX,"Soligenix, Inc."
SNOA,"Sonoma Pharmaceuticals, Inc."
SNPS,"Synopsys, Inc."
SNPX,"Synaptogenix, Inc."
SNSE,"Sensei Biotherapeutics, Inc."
SNT,Senstar Technologies Ltd.
SNTG,Sentage Holdings Inc.
SNTI,"Senti Biosciences, Inc."
SNY,Sanofi
SOBR,"SOBR Safe, Inc."
SOFI,"SoFi Technologies, Inc."
SOHO,Sotherly Hotels Inc.
SOLO,Electrameccanica Vehicles Corp.
SOND,Sonder Holdings Inc.
SONM,"Sonim Technologies, Inc."
SONN,"Sonnet BioTherapeutics Holdings, Inc."
SONO,"Sonos, Inc."
SOPA,Society Pass Incorporated
SOTK,Sono-Tek Corporation
SOVO,"Sovos Brands, Inc."
SP,SP Plus Corporation
SPCB,SuperCom Ltd.
SPEC,Spectaire Holdings Inc.
SPGC,"Sacks Parente Golf, Inc."
SPI,"SPI Energy Co., Ltd."
SPKL,Spark I Acquisition Corporation
SPLK,Splunk Inc.
SPNS,Sapiens International Corporation N.V.
SPPL,SIMPPLE LTD.
SPRB,"Spruce Biosciences, Inc."
SPRC,SciSparc Ltd.
SPRO,"Spero Therapeutics, Inc."
SPSC,"SPS Commerce, Inc."
SPT,"Sprout Social, Inc."
SQFT,"Presidio Property Trust, Inc."
SRAD,Sportradar Group AG
SRBK,"SR Bancorp, Inc."
SRCE,1st Source Corporation
SRCL,"Stericycle, Inc."
SRM,"SRM Entertainment, Inc."
SRPT,"Sarepta Therapeutics, Inc."
SRRK,Scholar Rock Holding Corporation
SRTS,"Sensus Healthcare, Inc."
SRZN,"Surrozen, Inc."
SSBI,Summit State Bank
SSIC,Silver Spike Investment Corp.
SSKN,"STRATA Skin Sciences, Inc."
SSNC,"SS&C Technologies Holdings, Inc."
SSNT,"SilverSun Technologies, Inc."
SSRM,SSR Mining Inc.
SSSS,SuRo Capital Corp.
SSYS,Stratasys Ltd.
STAA,STAAR Surgical Company
STAF,"Staffing 360 Solutions, Inc."
STBA,"S&T Bancorp, Inc."
STBX,Starbox Group Holdings Ltd.
STCN,"Steel Connect, Inc."
STEP,StepStone Group Inc.
STER,Sterling Check Corp.
STGW,Stagwell Inc.
STIM,"Neuronetics, Inc."
STIX,"Semantix, Inc."
STKH,Steakholder Foods Ltd.
STLD,"Steel Dynamics, Inc."
STNE,StoneCo Ltd.
STRA,"Strategic Education, Inc."
STRC,Sarcos Technology and Robotics Corporation
STRL,"Sterling Infrastructure, Inc."
STRM,"Streamline Health Solutions, Inc."
STRR,"Star Equity Holdings, Inc."
STRT,Strattec Security Corporation
STSS,"Sharps Technology, Inc."
STX,Seagate Technology Holdings plc
SUNW,"Sunworks, Inc."
SUPN,"Supernus Pharmaceuticals, Inc."
SURG,"SurgePays, Inc."
SVC,Service Properties Trust
SVFD,"Save Foods, Inc."
SVMH,SRIVARU Holding Limited
SVRE,SaverOne 2014 Ltd
SWAG,Stran & Company Inc
SWAV,"ShockWave Medical, Inc."
SWIN,Solowin Holdings Ordinary Share
SWKS,"Skyworks Solutions, Inc."
SWSS,Clean Energy Special Situations Corp
SWTX,"SpringWorks Therapeutics, Inc."
SWVL,Swvl Holdings Corp.
SXTC,"China SXT Pharmaceuticals, Inc."
SXTP,"60 Degrees Pharmaceuticals, Inc."
SY,So-Young International Inc.
SYBT,"Stock Yards Bancorp, Inc."
SYBX,"Synlogic, Inc."
SYM,Symbotic Inc.
SYNA,Synaptics Incorporated
SYPR,"Sypris Solutions, Inc."
SYRA,Syra Health Corp.
SYRE,Spyre Therapeutics Inc.
SYT,"SYLA Technologies Co., Ltd."
SYTA,Siyata Mobile Inc.
SZZL,Sizzle Acquisition Corp.
TACT,TransAct Technologies Incorporated
TAIT,Taitron Components Incorporated
TANH,Tantech Holdings Ltd
TAOP,Taoping Inc.
TARA,"Protara Therapeutics, Inc."
TASK,"TaskUs, Inc."
TATT,TAT Technologies Ltd.
TAYD,"Taylor Devices, Inc."
TBBK,"The Bancorp, Inc."
TBIO,"Telesis Bio, Inc."
TBLA,Taboola.com Ltd.
TBLT,"ToughBuilt Industries, Inc."
TBMC,Trailblazer Merger Corporation I
TBNK,Territorial Bancorp Inc.
TC,TuanChe Limited
TCBC,"TC Bancshares, Inc."
TCBI,"Texas Capital Bancshares, Inc."
TCBK,TriCo Bancshares
TCBP,TC Biopharm (Holdings) Plc
TCBS,"Texas Community Bancshares, Inc."
TCJH,Top KingWin Ltd
TCOM,Trip.com Group Limited
TCON,"TRACON Pharmaceuticals, Inc."
TCRT,"Alaunos Therapeutics, Inc."
TEAM,Atlassian Corporation Plc
TECH,Bio-Techne Corporation
TEDU,"Tarena International, Inc."
TENB,"Tenable Holdings, Inc."
TENK,TenX Keane Acquisition Ordinary Share
TENX,"Tenax Therapeutics, Inc."
TER,"Teradyne, Inc."
TETE,Technology & Telecommunication Acquisition Corporation
TFFP,"TFF Pharmaceuticals, Inc."
TFIN,"Triumph Financial, Inc."
TFSL,TFS Financial Corporation
TGAA,Target Global Acquisition I Corp.
TGL,Treasure Global Inc.
TGTX,"TG Therapeutics, Inc."
TGVC,TG Venture Acquisition Corp.
TH,Target Hospitality Corp.
THAR,Tharimmune Inc.
THCP,Thunder Bridge Capital Partners IV Inc.
THMO,"ThermoGenesis Holdings, Inc."
THRM,Gentherm Incorporated
THTX,Theratechnologies Inc.
TIGO,Millicom International Cellular S.A.
TIL,"Instil Bio, Inc."
TIRX,Tian Ruixiang Holdings Ltd
TIVC,"Tivic Health Systems, Inc."
TKLF,"Yoshitsu Co., Ltd"
TLF,"Tandy Leather Factory, Inc."
TLIS,Talis Biomedical Corporation
TLRY,"Tilray Brands, Inc."
TLSA,Tiziana Life Sciences Ltd
TMDX,"TransMedics Group, Inc."
TMTC,TMT Acquisition Corp
TMUS,"T-Mobile US, Inc."
TNDM,"Tandem Diabetes Care, Inc."
TNGX,"Tango Therapeutics, Inc."
TNON,"Tenon Medical, Inc."
TNXP,Tonix Pharmaceuticals Holding Corp.
TOMZ,"TOMI Environmental Solutions, Inc."
TOP,TOP Financial Group Limited
TOPS,Top Ships Inc.
TORO,Toro Corp.
TOUR,Tuniu Corporation
TOWN,TowneBank
TPG,TPG Inc.
TPST,"Tempest Therapeutics, Inc."
TRIB,Trinity Biotech plc
TRIP,"Tripadvisor, Inc."
TRMB,Trimble Inc.
TRMD,TORM plc
TRMK,Trustmark Corporation
TRNR,Interactive Strength Inc.
TRNS,"Transcat, Inc."
TRON,Corner Growth Acquisition Corp. 2
TROW,"T. Rowe Price Group, Inc."
TRS,TriMas Corporation
TRUP,"Trupanion, Inc."
TRVI,"Trevi Therapeutics, Inc."
TRVN,"Trevena, Inc."
TSBX,Turnstone Biologics Corp.
TSCO,Tractor Supply Company
TSEM,Tower Semiconductor Ltd.
TSLA,"Tesla, Inc."
TSRI,"TSR, Inc."
TTD,"The Trade Desk, Inc."
TTEC,"TTEC Holdings, Inc."
TTEK,"Tetra Tech, Inc."
TTGT,"TechTarget, Inc."
TTMI,"TTM Technologies, Inc."
TTNP,"Titan Pharmaceuticals, Inc."
TTOO,"T2 Biosystems, Inc."
TTWO,"Take-Two Interactive Software, Inc."
TURB,"Turbo Energy, S.A."
TURN,180 Degree Capital Corp.
TW,Tradeweb Markets Inc.
TWKS,"Thoughtworks Holding, Inc."
TWOU,"2U, Inc."
TWST,Twist Bioscience Corporation
TXG,"10x Genomics, Inc."
TXMD,"TherapeuticsMD, Inc."
TXN,Texas Instruments Incorporated
TXRH,"Texas Roadhouse, Inc."
TYGO,"Tigo Energy, Inc."
UAL,"United Airlines Holdings, Inc."
UBCP,"United Bancorp, Inc."
UBSI,"United Bankshares, Inc."
UBX,"Unity Biotechnology, Inc."
UCAR,U Power Limited
UCBI,"United Community Banks, Inc."
UCL,uCloudlink Group Inc.
UCTT,"Ultra Clean Holdings, Inc."
UDMY,"Udemy, Inc."
UEIC,Universal Electronics Inc.
UFPI,"UFP Industries, Inc."
UFPT,"UFP Technologies, Inc."
UG,"United-Guardian, Inc."
UGRO,"urban-gro, Inc."
UK,Ucommune International Ltd
ULBI,Ultralife Corporation
ULCC,"Frontier Group Holdings, Inc."
ULTA,"Ulta Beauty, Inc."
ULY,Urgent.ly Inc.
UMBF,UMB Financial Corporation
UNCY,"Unicycive Therapeutics, Inc."
UNIT,Uniti Group Inc.
UPBD,"Upbound Group, Inc."
UPC,Universe Pharmaceuticals INC
UPST,"Upstart Holdings, Inc."
UPWK,Upwork Inc.
UPXI,"Upexi, Inc."
URBN,"Urban Outfitters, Inc."
USAU,U.S. Gold Corp.
USCT,Roth CH Acquisition Co
USEA,United Maritime Corporation
USEG,U.S. Energy Corp.
USGO,U.S. GoldMining Inc.
USIO,"Usio, Inc."
USLM,"United States Lime & Minerals, Inc."
UTHR,United Therapeutics Corporation
UTSI,UTStarcom Holdings Corp.
UXIN,Uxin Limited
VANI,"Vivani Medical, Inc."
VAXX,"Vaxxinity, Inc."
VBFC,Village Bank and Trust Financial Corp.
VBIV,VBI Vaccines Inc.
VBTX,"Veritex Holdings, Inc."
VC,Visteon Corporation
VCEL,Vericel Corporation
VCIG,VCI Global Limited
VCNX,"Vaccinex, Inc."
VCTR,"Victory Capital Holdings, Inc."
VCYT,"Veracyte, Inc."
VECO,Veeco Instruments Inc.
VEEE,Twin Vee Powercats Co.
VERB,"Verb Technology Company, Inc."
VERI,"Veritone, Inc."
VERO,Venus Concept Inc.
VERU,Veru Inc.
VERV,"Verve Therapeutics, Inc."
VERX,"Vertex, Inc."
VEV,Vicinity Motor Corp.
VFF,"Village Farms International, Inc."
VFS,VinFast Auto Ltd.
VGAS,"Verde Clean Fuels, Inc."
VIA,"Via Renewables, Inc."
VIAV,Viavi Solutions Inc.
VICR,Vicor Corporation
VIEW,"View, Inc."
VIGL,"Vigil Neuroscience, Inc."
VINC,"Vincerx Pharma, Inc."
VINO,"Gaucho Group Holdings, Inc."
VIOT,"Viomi Technology Co., Ltd"
VIR,"Vir Biotechnology, Inc."
VIRI,"Virios Therapeutics, Inc."
VIRT,"Virtu Financial, Inc."
VIRX,"Viracta Therapeutics, Inc."
VISL,"Vislink Technologies, Inc."
VIVK,"Vivakor, Inc."
VJET,voxeljet AG
VKTX,"Viking Therapeutics, Inc."
VLCN,"Volcon, Inc."
VLY,Valley National Bancorp
VMAR,Vision Marine Technologies Inc.
VNOM,Viper Energy Partners LP
VOD,Vodafone Group PLC
VOXR,Vox Royalty Corp.
VRAR,"The Glimpse Group, Inc."
VRAX,Virax Biolabs Group Limited
VRDN,"Viridian Therapeutics, Inc."
VRM,"Vroom, Inc."
VRME,"VerifyMe, Inc."
VRNA,Verona Pharma plc
VRNS,"Varonis Systems, Inc."
VRNT,Verint Systems Inc.
VRPX,"Virpax Pharmaceuticals, Inc."
VRRM,Verra Mobility Corporation
VRSK,"Verisk Analytics, Inc."
VRSN,"VeriSign, Inc."
VRTS,"Virtus Investment Partners, Inc."
VRTX,Vertex Pharmaceuticals Incorporated
VS,Versus Systems Inc.
VSAC,Vision Sensing Acquisition Corp.
VSAT,"Viasat, Inc."
VSEC,VSE Corporation
VSME,VS Media Holdings Limited
VTRS,Viatris Inc.
VTSI,"VirTra, Inc."
VTVT,vTv Therapeutics Inc.
VVOS,"Vivos Therapeutics, Inc."
VVPR,VivoPower International PLC
VWE,"Vintage Wine Estates, Inc."
VXRT,"Vaxart, Inc."
VYNE,VYNE Therapeutics Inc.
WABC,Westamerica Bancorporation
WAFD,WaFd Inc
WAFU,Wah Fu Education Group Limited
WALD,Waldencast plc
WATT,Energous Corporation
WAVD,"WaveDancer, Inc."
WAVE,Eco Wave Power Global AB (publ)
WAVS,Western Acquisition Ventures Corp.
WB,Weibo Corporation
WBA,"Walgreens Boots Alliance, Inc."
WBD,"Warner Bros. Discovery, Inc."
WBUY,WeBuy Global Ltd
WDAY,"Workday, Inc."
WDC,Western Digital Corporation
WDFC,WD-40 Company
WEN,The Wendy's Company
WERN,"Werner Enterprises, Inc."
WETG,"WeTrade Group, Inc."
WFCF,"Where Food Comes From, Inc."
WFRD,Weatherford International plc
WGS,GeneDx Holdings Corp.
WHLM,"Wilhelmina International, Inc."
WHLR,"Wheeler Real Estate Investment Trust, Inc."
WIMI,WiMi Hologram Cloud Inc.
WINA,Winmark Corporation
WING,Wingstop Inc.
WINT,"Windtree Therapeutics, Inc."
WINV,WinVest Acquisition Corp.
WIRE,Encore Wire Corporation
WISA,"WiSA Technologies, Inc."
WIX,Wix.com Ltd.
WKEY,WISeKey International Holding AG
WKHS,Workhorse Group Inc.
WKSP,Worksport Ltd.
WLDS,Wearable Devices Ltd.
WLGS,"WANG & LEE GROUP, Inc."
WMG,Warner Music Group Corp.
WMPN,William Penn Bancorporation
WNW,Meiwu Technology Company Limited
WORX,SCWorx Corp.
WPRT,Westport Fuel Systems Inc.
WRAP,"Wrap Technologies, Inc."
WRNT,Warrantee Inc.
WSBC,"WesBanco, Inc."
WSC,WillScot Mobile Mini Holdings Corp.
WSFS,WSFS Financial Corporation
WTER,The Alkaline Water Company Inc.
WTFC,Wintrust Financial Corporation
WTMA,Welsbach Technology Metals Acquisition Corp.
WTO,UTime Limited
WTW,Willis Towers Watson PLC
WVVI,"Willamette Valley Vineyards, Inc."
WWD,"Woodward, Inc."
WYNN,"Wynn Resorts, Limited"
XAIR,"Beyond Air, Inc."
XBIO,"Xenetic Biosciences, Inc."
XCUR,"Exicure, Inc."
XEL,Xcel Energy Inc.
XELA,"Exela Technologies, Inc."
XELB,"Xcel Brands, Inc."
XENE,Xenon Pharmaceuticals Inc.
XGN,Exagen Inc.
XLO,"Xilio Therapeutics, Inc."
XMTR,"Xometry, Inc."
XNCR,"Xencor, Inc."
XNET,Xunlei Limited
XOS,"Xos, Inc."
XP,XP Inc.
XPEL,"XPEL, Inc."
XPON,Expion360 Inc.
XRAY,DENTSPLY SIRONA Inc.
XRTX,XORTX Therapeutics Inc.
XRX,Xerox Holdings Corporation
XTLB,XTL Biopharmaceuticals Ltd.
XWEL,"XWELL, Inc."
XXII,"22nd Century Group, Inc."
YGF,"YanGuFang International Group Co., Ltd."
YGMZ,MingZhu Logistics Holdings Limited
YHGJ,Yunhong Green CTI Ltd.
YJ,Yunji Inc.
YOSH,Yoshiharu Global Co.
YOTA,Yotta Acquisition Corporation
YQ,17 Education & Technology Group Inc.
YS,"YS Biopharma Co., Ltd."
YTEN,"Yield10 Bioscience, Inc."
YTRA,"Yatra Online, Inc."
YY,JOYY Inc.
Z,"Zillow Group, Inc."
ZAPP,Zapp Electric Vehicles Group Limited
ZBRA,Zebra Technologies Corporation
ZCMD,Zhongchao Inc.
ZD,"Ziff Davis, Inc."
ZENV,Zenvia Inc.
ZFOX,"ZeroFox Holdings, Inc."
ZG,"Zillow Group, Inc."
ZI,ZoomInfo Technologies Inc.
ZION,"Zions Bancorporation,NA"
ZJYL,Jin Medical International Ltd.
ZKIN,"ZK International Group Co., Ltd."
ZLAB,Zai Lab Limited
ZLS,Zalatoris II Acquisition Corp.
ZM,"Zoom Video Communications, Inc."
ZNTL,"Zentalis Pharmaceuticals, Inc."
ZS,"Zscaler, Inc."
ZTEK,Zentek Ltd.
ZVSA,"ZyVersa Therapeutics, Inc."